Tanggal,Harga_Aktual,Prediksi_LSTM
2024-11-12,9325.560546875,9431.734
2024-11-13,9325.560546875,9385.722
2024-11-14,9279.6240234375,9360.263
2024-11-15,9348.53125,9341.348
2024-11-18,9187.74609375,9341.896
2024-11-19,9118.8369140625,9322.868
2024-11-20,9256.6533203125,9285.603
2024-11-21,9095.0673828125,9271.162
2024-11-22,9095.0673828125,9240.924
2024-11-25,9395.158203125,9208.637
2024-11-26,9233.5703125,9235.6045
2024-11-28,9233.5703125,9257.041
2024-11-29,9233.5703125,9272.469
2024-12-02,9002.73046875,9282.249
2024-12-03,9418.2412109375,9245.545
2024-12-04,9418.2412109375,9268.238
2024-12-05,9464.41015625,9315.096
2024-12-06,9302.822265625,9373.933
2024-12-09,9556.744140625,9398.781
2024-12-10,9556.744140625,9448.933
2024-12-11,9625.99609375,9501.842
2024-12-12,9395.158203125,9559.137
2024-12-13,9279.73828125,9566.165
2024-12-16,9325.90625,9526.57
2024-12-17,9141.234375,9479.19
2024-12-18,9048.8984375,9402.334
2024-12-19,8933.4794921875,9307.89
2024-12-20,8910.3955078125,9200.536
2024-12-23,9025.8154296875,9101.787
2024-12-24,9002.73046875,9045.909
2024-12-27,9048.8984375,9017.088
2024-12-30,8933.4794921875,9015.756
2025-01-02,9141.234375,9007.769
2025-01-03,9095.0673828125,9036.49
2025-01-06,8933.4794921875,9069.804
2025-01-07,8794.9755859375,9070.52
2025-01-08,8933.4794921875,9030.361
2025-01-09,9095.0673828125,9002.487
2025-01-10,8979.646484375,9014.531
2025-01-13,8933.4794921875,9022.713
2025-01-14,8794.9755859375,9019.4
2025-01-15,9048.8984375,8985.89
2025-01-16,9002.73046875,8989.751
2025-01-17,9141.234375,9002.317
2025-01-20,8887.3115234375,9042.256
2025-01-21,8841.1435546875,9042.134
2025-01-22,8864.2275390625,9014.436
2025-01-23,8864.2275390625,8982.152
2025-01-24,8633.3876953125,8953.06
2025-01-30,8448.716796875,8888.604
2025-01-31,8725.724609375,8784.919
2025-02-03,8633.3876953125,8730.724
2025-02-04,8471.7998046875,8693.292
2025-02-05,8425.6328125,8641.799
2025-02-06,8264.044921875,8584.686
2025-02-07,8633.3876953125,8505.874
2025-02-10,8448.716796875,8498.022
2025-02-11,8379.4658203125,8492.624
2025-02-12,8448.716796875,8477.503
2025-02-13,8310.2138671875,8473.312
2025-02-14,8287.12890625,8450.096
2025-02-17,8610.3037109375,8417.739
2025-02-18,8587.2197265625,8445.565
2025-02-19,8264.044921875,8493.4
2025-02-20,8310.2138671875,8483.86
2025-02-21,8310.2138671875,8456.721
2025-02-24,8240.9619140625,8425.401
2025-02-25,8148.6259765625,8384.698
2025-02-26,8102.45751953125,8329.675
2025-02-27,7871.6181640625,8268.914
2025-02-28,7779.283203125,8174.0557
2025-03-03,8125.5419921875,8062.6294
2025-03-04,8171.71044921875,8025.8926
2025-03-05,8310.2138671875,8040.756
2025-03-06,8287.12890625,8104.1665
2025-03-07,8240.9619140625,8176.3677
2025-03-10,8240.9619140625,8232.138
2025-03-11,8240.9619140625,8270.207
2025-03-12,8425.6328125,8292.74
2025-03-13,8287.12890625,8337.079
2025-03-14,8079.3740234375,8358.375
2025-03-17,7940.8701171875,8326.613
2025-03-18,7663.86279296875,8249.039
2025-03-19,7686.94677734375,8111.9224
2025-03-20,7733.115234375,7973.676
2025-03-21,7518.966796875,7867.3364
2025-03-24,7566.5556640625,7756.6104
2025-03-25,7661.732421875,7672.5474
2025-03-26,8113.82177734375,7634.364
2025-03-27,8090.02734375,7708.83
2025-04-08,7399.99560546875,7821.5464
2025-04-09,7542.76123046875,7807.9243
2025-04-10,7828.29150390625,7761.9165
2025-04-11,7875.8798828125,7759.8438
2025-04-14,7994.85107421875,7787.942
2025-04-15,8161.41064453125,7847.5405
2025-04-16,8066.2333984375,7942.377
2025-04-17,8090.02734375,8020.027
2025-04-21,7899.673828125,8079.8267
2025-04-22,8090.02734375,8085.134
2025-04-23,8304.17578125,8097.2085
2025-04-24,8066.2333984375,8148.729
2025-04-25,8185.20458984375,8166.307
2025-04-28,8351.763671875,8185.862
2025-04-29,8304.17578125,8232.838
2025-04-30,8399.3525390625,8275.784
2025-05-02,8542.1171875,8326.46
2025-05-05,8542.1171875,8397.737
2025-05-06,8589.7060546875,8466.132
2025-05-07,8637.294921875,8529.555
2025-05-08,8542.1171875,8587.711
2025-05-09,8565.912109375,8615.278
2025-05-14,8827.6484375,8627.147
2025-05-15,8827.6484375,8676.552
2025-05-16,8851.44140625,8734.925
2025-05-19,9041.794921875,8791.606
2025-05-20,9018.001953125,8872.021
2025-05-21,9232.1494140625,8945.026
2025-05-22,9184.5615234375,9040.479
2025-05-23,9208.35546875,9120.748
2025-05-26,9160.7666015625,9183.615
2025-05-27,8994.2080078125,9217.813
2025-05-28,8946.619140625,9201.347
2025-06-02,8661.087890625,9154.159
2025-06-03,8613.5009765625,9048.017
2025-06-04,8542.1171875,8923.081
2025-06-05,8494.529296875,8797.799
2025-06-10,8661.087890625,8685.992
2025-06-11,8613.5009765625,8631.319
2025-06-12,8684.8828125,8606.254
2025-06-13,8589.7060546875,8614.166
2025-06-16,8494.529296875,8620.324
2025-06-17,8637.294921875,8608.099
2025-06-18,8470.734375,8615.648
2025-06-19,8351.763671875,8601.333
2025-06-20,8280.380859375,8557.618
2025-06-23,8208.9990234375,8494.38
2025-06-24,8351.763671875,8419.735
2025-06-25,8185.20458984375,8378.671
2025-06-26,8232.79296875,8330.918
2025-06-30,8256.5869140625,8297.391
2025-07-01,8280.380859375,8281.257
2025-07-02,8256.5869140625,8281.075
2025-07-03,8185.20458984375,8284.643
2025-07-04,8232.79296875,8276.635
2025-07-07,8208.9990234375,8273.221
2025-07-08,8090.02734375,8268.269
2025-07-09,8090.02734375,8241.754
2025-07-10,8185.20458984375,8209.401
2025-07-11,8208.9990234375,8197.114
2025-07-14,8113.82177734375,8201.017
2025-07-15,8137.6162109375,8194.822
2025-07-16,8113.82177734375,8189.2617
2025-07-17,8113.82177734375,8180.6064
2025-07-18,8018.6455078125,8171.963
2025-07-21,8042.43994140625,8147.462
2025-07-22,7994.85107421875,8123.9067
2025-07-23,8018.6455078125,8096.215
2025-07-24,8090.02734375,8075.765
2025-07-25,8042.43994140625,8075.5093
2025-07-28,8090.02734375,8076.544
2025-07-29,7994.85107421875,8086.901
2025-07-30,7971.05712890625,8082.6733
2025-07-31,7875.8798828125,8067.8574
2025-08-01,7899.673828125,8033.0996
2025-08-04,7875.8798828125,7999.058
2025-08-05,8018.6455078125,7966.9473
2025-08-06,7899.673828125,7967.543
2025-08-07,7899.673828125,7962.336
2025-08-08,7899.673828125,7955.504
2025-08-11,8137.6162109375,7949.187
2025-08-12,8423.1474609375,7987.767
2025-08-13,8494.529296875,8093.6226
2025-08-14,8351.763671875,8226.567
2025-08-15,8280.380859375,8323.119
2025-08-19,8090.02734375,8371.839
2025-08-20,8113.82177734375,8353.442
2025-08-21,8137.6162109375,8309.27
2025-08-22,8042.43994140625,8263.769
2025-08-25,8066.2333984375,8207.726
2025-08-26,7852.08544921875,8160.552
2025-08-27,7899.673828125,8086.9404
2025-08-28,7923.46826171875,8022.305
2025-08-29,7685.5263671875,7977.9443
2025-09-01,7614.1435546875,7908.3613
2025-09-02,7614.1435546875,7826.318
2025-09-03,7590.349609375,7753.051
2025-09-04,7614.1435546875,7693.1104
2025-09-08,7328.61328125,7655.161
2025-09-09,7162.05419921875,7583.2305
2025-09-10,7423.7900390625,7477.6997
2025-09-11,7471.37890625,7422.3364
2025-09-12,7542.76123046875,7410.318
2025-09-15,7637.93798828125,7435.2734
2025-09-16,7542.76123046875,7491.869
2025-09-17,7471.37890625,7536.938
2025-09-18,7328.61328125,7555.6704
2025-09-19,7423.7900390625,7532.141
2025-09-22,7352.40771484375,7509.215
2025-09-23,7495.1728515625,7477.1533
2025-09-24,7399.99560546875,7472.0786
2025-09-25,7328.61328125,7463.467
2025-09-26,7257.23095703125,7441.6094
2025-09-29,7399.99560546875,7404.0557
2025-09-30,7257.23095703125,7391.4204
2025-10-01,7138.259765625,7367.0645
2025-10-02,7138.259765625,7319.72
2025-10-03,7162.05419921875,7269.538
2025-10-06,7138.259765625,7231.1777
2025-10-07,7209.64208984375,7201.16
2025-10-08,7019.28857421875,7193.7847
2025-10-09,7185.8486328125,7164.3135
2025-10-10,7043.0830078125,7159.9307
2025-10-13,6971.70068359375,7142.669
2025-10-14,6900.31787109375,7109.3755
2025-10-15,6900.31787109375,7061.1997
2025-10-16,6947.90625,7014.2827
2025-10-17,7138.259765625,6984.992
2025-10-20,7495.1728515625,7004.403
2025-10-21,8066.2333984375,7109.782
2025-10-22,7804.4970703125,7343.6797
2025-10-23,7923.46826171875,7550.567
2025-10-24,7875.8798828125,7729.7866
2025-10-27,7947.2626953125,7854.385
2025-10-28,7875.8798828125,7942.4404
2025-10-29,8185.20458984375,7982.694
2025-10-30,8113.82177734375,8047.8125
2025-10-31,8113.82177734375,8098.98
2025-11-03,8232.79296875,8133.51
2025-11-04,8232.79296875,8174.789
2025-11-05,8280.380859375,8211.338
2025-11-06,8137.6162109375,8247.409
2025-11-07,8256.5869140625,8250.462
2025-11-10,8161.41064453125,8258.482
2025-11-11,7994.85107421875,8249.821
2025-11-12,8090.02734375,8204.233
2025-11-13,7971.05712890625,8166.0938
2025-11-14,8018.6455078125,8116.5903
2025-11-17,8161.41064453125,8079.265
2025-11-18,7994.85107421875,8080.814
2025-11-19,8066.2333984375,8071.0693
2025-11-20,8018.6455078125,8071.218
2025-11-21,7994.85107421875,8067.8257
2025-11-24,8066.2333984375,8059.352
2025-11-25,8090.02734375,8063.1855
2025-11-26,8018.6455078125,8076.843
2025-11-27,7923.46826171875,8080.037
2025-11-28,7875.8798828125,8060.385
2025-12-01,7994.85107421875,8024.4365
2025-12-02,7971.05712890625,8008.5186
2025-12-03,7951.8955078125,8000.763
2025-12-04,7880.04150390625,7995.006
2025-12-05,7951.8955078125,7978.2656
2025-12-08,7951.8955078125,7972.3535
2025-12-09,7760.28369140625,7972.779
2025-12-10,7736.33251953125,7941.378
2025-12-11,7664.47802734375,7895.776
2025-12-12,7664.47802734375,7838.1284
2025-12-15,7951.8955078125,7784.789
2025-12-16,7736.33251953125,7795.501
2025-12-17,7688.42919921875,7796.3726
2025-12-18,7832.13818359375,7784.078
2025-12-19,7712.380859375,7793.961
2025-12-22,7832.13818359375,7791.1045
2025-12-23,7688.42919921875,7804.5884
2025-12-24,7688.42919921875,7797.3867
2025-12-29,7688.42919921875,7781.453
2025-12-30,7736.33251953125,7763.957
2026-01-02,7688.42919921875,7757.4375
2026-01-05,7736.33251953125,7748.627
2026-01-06,7832.13818359375,7749.04
2026-01-07,7808.18701171875,7771.3657
2026-01-08,7712.380859375,7796.073
2026-01-09,7784.2353515625,7800.161
2026-01-12,7688.42919921875,7806.591
2026-01-13,7736.33251953125,7795.3564
2026-01-14,7664.47802734375,7786.1543
2026-01-15,7736.33251953125,7766.2837
2026-01-19,7784.2353515625,7757.78
2026-01-20,7664.47802734375,7764.9883
2026-01-21,7377.06005859375,7756.7656
2026-01-22,7329.15673828125,7690.211
2026-01-23,7329.15673828125,7598.229
2026-01-26,7329.15673828125,7509.8584
2026-01-27,7185.44775390625,7438.8633
2026-01-28,6730.36962890625,7362.9946
2026-01-29,6898.0302734375,7215.8467
2026-01-30,7089.64208984375,7090.55
2026-02-02,7281.25390625,7033.276
2026-02-03,7329.15673828125,7055.1724
2026-02-04,7472.86572265625,7121.651
2026-02-05,7472.86572265625,7225.3706
2026-02-06,7353.1083984375,7329.494
2026-02-09,7185.44775390625,7393.7656
2026-02-10,7161.49658203125,7396.5356
2026-02-11,7137.544921875,7363.939
2026-02-12,7017.78759765625,7314.6836
2026-02-13,6898.0302734375,7243.48
2026-02-18,6969.884765625,7151.8247
2026-02-19,6874.07861328125,7079.093
2026-02-20,6921.9814453125,7010.9165
2026-02-23,6993.8359375,6965.941
2026-02-24,6921.9814453125,6953.7197
2026-02-25,7017.78759765625,6947.0537
2026-02-26,6993.8359375,6962.282
2026-02-27,6874.07861328125,6981.5405
2026-03-02,6730.36962890625,6977.832
2026-03-03,6778.2724609375,6937.517
2026-03-04,6586.66064453125,6895.1
2026-03-05,6802.22412109375,6824.1177
2026-03-06,6706.41796875,6790.89
2026-03-09,6586.66064453125,6764.581
2026-03-10,6682.466796875,6724.71
2026-03-11,6538.7578125,6702.904
2026-03-12,6610.6123046875,6667.789
2026-03-13,6586.66064453125,6645.6675
2026-03-16,6466.9033203125,6629.6245
2026-03-17,6490.8544921875,6597.7705
2026-03-25,6610.6123046875,6568.3145
2026-03-26,6586.66064453125,6567.1724
2026-03-27,6419.0,6575.8843
2026-03-30,6450.0,6557.498
2026-03-31,6450.0,6534.8286
2026-04-01,6500.0,6514.0356
2026-04-02,6575.0,6506.936
2026-04-06,6500.0,6521.5127
2026-04-07,6500.0,6530.522
2026-04-08,6750.0,6535.2812
2026-04-09,6475.0,6582.749
2026-04-10,6700.0,6592.4727
2026-04-13,6575.0,6623.0654
2026-04-14,6750.0,6635.4355
2026-04-15,6550.0,6668.502
2026-04-16,6525.0,6669.1035
2026-04-17,6425.0,6648.9863
2026-04-20,6475.0,6603.7627
2026-04-21,6500.0,6563.0645
2026-04-22,6450.0,6536.156
2026-04-23,6425.0,6511.657
2026-04-24,6050.0,6488.247
2026-04-27,5975.0,6401.461
2026-04-28,6000.0,6285.391
2026-04-29,5975.0,6179.9624
2026-04-30,5850.0,6094.032
2026-05-04,5900.0,6010.586
2026-05-05,5950.0,5952.712
2026-05-06,5950.0,5927.392
2026-05-07,6225.0,5923.27
2026-05-08,6175.0,5981.1
2026-05-11,6150.0,6050.6436
2026-05-12,6125.0,6109.519
2026-05-13,6100.0,6148.3687
2026-05-14,6100.0,6165.8555
2026-05-15,6100.0,6169.4395
2026-05-18,6125.0,6165.125
2026-05-19,5950.0,6161.802
2026-05-20,5975.0,6127.3057
2026-05-21,5950.0,6087.801
2026-05-22,5900.0,6047.9805
