Tanggal,Harga_Aktual,Prediksi_HoltWinters
2024-11-12,9325.560546875,9242.584216653955
2024-11-13,9325.560546875,9248.116648479954
2024-11-14,9279.6240234375,9226.558561307414
2024-11-15,9348.53125,9249.37734302463
2024-11-18,9187.74609375,9252.139549966952
2024-11-19,9118.8369140625,9248.40266318118
2024-11-20,9256.6533203125,9255.386154127107
2024-11-21,9095.0673828125,9265.249926959234
2024-11-22,9095.0673828125,9276.849783476402
2024-11-25,9395.158203125,9271.295067237566
2024-11-26,9233.5703125,9273.679751930757
2024-11-28,9233.5703125,9279.422595957367
2024-11-29,9233.5703125,9277.979180518083
2024-12-02,9002.73046875,9290.071394649727
2024-12-03,9418.2412109375,9316.217722424868
2024-12-04,9418.2412109375,9319.802457409707
2024-12-05,9464.41015625,9338.786077915096
2024-12-06,9302.822265625,9350.738685023462
2024-12-09,9556.744140625,9331.603884377178
2024-12-10,9556.744140625,9321.620921736569
2024-12-11,9625.99609375,9302.143497318293
2024-12-12,9395.158203125,9308.508398711636
2024-12-13,9279.73828125,9314.040830537637
2024-12-16,9325.90625,9292.482743365095
2024-12-17,9141.234375,9315.30152508231
2024-12-18,9048.8984375,9318.063732024633
2024-12-19,8933.4794921875,9314.32684523886
2024-12-20,8910.3955078125,9321.310336184788
2024-12-23,9025.8154296875,9331.174109016914
2024-12-24,9002.73046875,9342.773965534083
2024-12-27,9048.8984375,9337.219249295247
2024-12-30,8933.4794921875,9339.603933988437
2025-01-02,9141.234375,9345.346778015048
2025-01-03,9095.0673828125,9343.903362575764
2025-01-06,8933.4794921875,9355.995576707408
2025-01-07,8794.9755859375,9382.141904482549
2025-01-08,8933.4794921875,9385.726639467388
2025-01-09,9095.0673828125,9404.710259972777
2025-01-10,8979.646484375,9416.662867081142
2025-01-13,8933.4794921875,9397.52806643486
2025-01-14,8794.9755859375,9387.54510379425
2025-01-15,9048.8984375,9368.067679375974
2025-01-16,9002.73046875,9374.432580769317
2025-01-17,9141.234375,9379.965012595318
2025-01-20,8887.3115234375,9358.406925422776
2025-01-21,8841.1435546875,9381.22570713999
2025-01-22,8864.2275390625,9383.987914082314
2025-01-23,8864.2275390625,9380.251027296543
2025-01-24,8633.3876953125,9387.234518242469
2025-01-30,8448.716796875,9397.098291074595
2025-01-31,8725.724609375,9408.698147591764
2025-02-03,8633.3876953125,9403.14343135293
2025-02-04,8471.7998046875,9405.528116046118
2025-02-05,8425.6328125,9411.270960072728
2025-02-06,8264.044921875,9409.827544633445
2025-02-07,8633.3876953125,9421.919758765089
2025-02-10,8448.716796875,9448.06608654023
2025-02-11,8379.4658203125,9451.650821525069
2025-02-12,8448.716796875,9470.634442030458
2025-02-13,8310.2138671875,9482.587049138823
2025-02-14,8287.12890625,9463.45224849254
2025-02-17,8610.3037109375,9453.46928585193
2025-02-18,8587.2197265625,9433.991861433655
2025-02-19,8264.044921875,9440.356762826998
2025-02-20,8310.2138671875,9445.889194652998
2025-02-21,8310.2138671875,9424.331107480457
2025-02-24,8240.9619140625,9447.149889197672
2025-02-25,8148.6259765625,9449.912096139995
2025-02-26,8102.45751953125,9446.175209354224
2025-02-27,7871.6181640625,9453.15870030015
2025-02-28,7779.283203125,9463.022473132276
2025-03-03,8125.5419921875,9474.622329649445
2025-03-04,8171.71044921875,9469.06761341061
2025-03-05,8310.2138671875,9471.452298103799
2025-03-06,8287.12890625,9477.19514213041
2025-03-07,8240.9619140625,9475.751726691125
2025-03-10,8240.9619140625,9487.843940822771
2025-03-11,8240.9619140625,9513.99026859791
2025-03-12,8425.6328125,9517.57500358275
2025-03-13,8287.12890625,9536.558624088138
2025-03-14,8079.3740234375,9548.511231196504
2025-03-17,7940.8701171875,9529.37643055022
2025-03-18,7663.86279296875,9519.393467909611
2025-03-19,7686.94677734375,9499.916043491336
2025-03-20,7733.115234375,9506.280944884678
2025-03-21,7518.966796875,9511.81337671068
2025-03-24,7566.5556640625,9490.255289538138
2025-03-25,7661.732421875,9513.074071255352
2025-03-26,8113.82177734375,9515.836278197676
2025-03-27,8090.02734375,9512.099391411904
2025-04-08,7399.99560546875,9519.08288235783
2025-04-09,7542.76123046875,9528.946655189957
2025-04-10,7828.29150390625,9540.546511707125
2025-04-11,7875.8798828125,9534.991795468291
2025-04-14,7994.85107421875,9537.37648016148
2025-04-15,8161.41064453125,9543.11932418809
2025-04-16,8066.2333984375,9541.675908748806
2025-04-17,8090.02734375,9553.768122880452
2025-04-21,7899.673828125,9579.914450655591
2025-04-22,8090.02734375,9583.49918564043
2025-04-23,8304.17578125,9602.48280614582
2025-04-24,8066.2333984375,9614.435413254187
2025-04-25,8185.20458984375,9595.300612607902
2025-04-28,8351.763671875,9585.317649967292
2025-04-29,8304.17578125,9565.840225549016
2025-04-30,8399.3525390625,9572.20512694236
2025-05-02,8542.1171875,9577.73755876836
2025-05-05,8542.1171875,9556.179471595819
2025-05-06,8589.7060546875,9578.998253313033
2025-05-07,8637.294921875,9581.760460255357
2025-05-08,8542.1171875,9578.023573469585
2025-05-09,8565.912109375,9585.007064415511
2025-05-14,8827.6484375,9594.870837247638
2025-05-15,8827.6484375,9606.470693764806
2025-05-16,8851.44140625,9600.915977525972
2025-05-19,9041.794921875,9603.30066221916
2025-05-20,9018.001953125,9609.043506245771
2025-05-21,9232.1494140625,9607.600090806487
2025-05-22,9184.5615234375,9619.692304938133
2025-05-23,9208.35546875,9645.838632713272
2025-05-26,9160.7666015625,9649.423367698111
2025-05-27,8994.2080078125,9668.4069882035
2025-05-28,8946.619140625,9680.359595311867
2025-06-02,8661.087890625,9661.224794665583
2025-06-03,8613.5009765625,9651.241832024973
2025-06-04,8542.1171875,9631.764407606697
2025-06-05,8494.529296875,9638.129309000042
2025-06-10,8661.087890625,9643.66174082604
2025-06-11,8613.5009765625,9622.1036536535
2025-06-12,8684.8828125,9644.922435370714
2025-06-13,8589.7060546875,9647.684642313037
2025-06-16,8494.529296875,9643.947755527266
2025-06-17,8637.294921875,9650.931246473192
2025-06-18,8470.734375,9660.795019305318
2025-06-19,8351.763671875,9672.394875822487
2025-06-20,8280.380859375,9666.840159583653
2025-06-23,8208.9990234375,9669.224844276841
2025-06-24,8351.763671875,9674.967688303452
2025-06-25,8185.20458984375,9673.524272864168
2025-06-26,8232.79296875,9685.616486995814
2025-06-30,8256.5869140625,9711.762814770953
2025-07-01,8280.380859375,9715.347549755792
2025-07-02,8256.5869140625,9734.33117026118
2025-07-03,8185.20458984375,9746.283777369548
2025-07-04,8232.79296875,9727.148976723263
2025-07-07,8208.9990234375,9717.166014082653
2025-07-08,8090.02734375,9697.688589664378
2025-07-09,8090.02734375,9704.053491057723
2025-07-10,8185.20458984375,9709.585922883722
2025-07-11,8208.9990234375,9688.02783571118
2025-07-14,8113.82177734375,9710.846617428395
2025-07-15,8137.6162109375,9713.60882437072
2025-07-16,8113.82177734375,9709.871937584947
2025-07-17,8113.82177734375,9716.855428530873
2025-07-18,8018.6455078125,9726.719201363
2025-07-21,8042.43994140625,9738.319057880168
2025-07-22,7994.85107421875,9732.764341641334
2025-07-23,8018.6455078125,9735.149026334522
2025-07-24,8090.02734375,9740.891870361133
2025-07-25,8042.43994140625,9739.448454921849
2025-07-28,8090.02734375,9751.540669053495
2025-07-29,7994.85107421875,9777.686996828634
2025-07-30,7971.05712890625,9781.271731813473
2025-07-31,7875.8798828125,9800.255352318862
2025-08-01,7899.673828125,9812.207959427229
2025-08-04,7875.8798828125,9793.073158780944
2025-08-05,8018.6455078125,9783.090196140334
2025-08-06,7899.673828125,9763.612771722059
2025-08-07,7899.673828125,9769.977673115403
2025-08-08,7899.673828125,9775.510104941402
2025-08-11,8137.6162109375,9753.952017768861
2025-08-12,8423.1474609375,9776.770799486076
2025-08-13,8494.529296875,9779.5330064284
2025-08-14,8351.763671875,9775.796119642628
2025-08-15,8280.380859375,9782.779610588554
2025-08-19,8090.02734375,9792.64338342068
2025-08-20,8113.82177734375,9804.24323993785
2025-08-21,8137.6162109375,9798.688523699015
2025-08-22,8042.43994140625,9801.073208392203
2025-08-25,8066.2333984375,9806.816052418813
2025-08-26,7852.08544921875,9805.37263697953
2025-08-27,7899.673828125,9817.464851111175
2025-08-28,7923.46826171875,9843.611178886315
2025-08-29,7685.5263671875,9847.195913871154
2025-09-01,7614.1435546875,9866.179534376543
2025-09-02,7614.1435546875,9878.13214148491
2025-09-03,7590.349609375,9858.997340838625
2025-09-04,7614.1435546875,9849.014378198015
2025-09-08,7328.61328125,9829.53695377974
2025-09-09,7162.05419921875,9835.901855173084
2025-09-10,7423.7900390625,9841.434286999083
2025-09-11,7471.37890625,9819.876199826542
2025-09-12,7542.76123046875,9842.694981543757
2025-09-15,7637.93798828125,9845.457188486082
2025-09-16,7542.76123046875,9841.720301700308
2025-09-17,7471.37890625,9848.703792646234
2025-09-18,7328.61328125,9858.56756547836
2025-09-19,7423.7900390625,9870.167421995531
2025-09-22,7352.40771484375,9864.612705756696
2025-09-23,7495.1728515625,9866.997390449884
2025-09-24,7399.99560546875,9872.740234476494
2025-09-25,7328.61328125,9871.296819037212
2025-09-26,7257.23095703125,9883.389033168856
2025-09-29,7399.99560546875,9909.535360943995
2025-09-30,7257.23095703125,9913.120095928834
2025-10-01,7138.259765625,9932.103716434223
2025-10-02,7138.259765625,9944.05632354259
2025-10-03,7162.05419921875,9924.921522896306
2025-10-06,7138.259765625,9914.938560255696
2025-10-07,7209.64208984375,9895.46113583742
2025-10-08,7019.28857421875,9901.826037230765
2025-10-09,7185.8486328125,9907.358469056764
2025-10-10,7043.0830078125,9885.800381884223
2025-10-13,6971.70068359375,9908.619163601437
2025-10-14,6900.31787109375,9911.381370543762
2025-10-15,6900.31787109375,9907.64448375799
2025-10-16,6947.90625,9914.627974703915
2025-10-17,7138.259765625,9924.491747536042
2025-10-20,7495.1728515625,9936.091604053212
2025-10-21,8066.2333984375,9930.536887814376
2025-10-22,7804.4970703125,9932.921572507565
2025-10-23,7923.46826171875,9938.664416534175
2025-10-24,7875.8798828125,9937.221001094893
2025-10-27,7947.2626953125,9949.313215226537
2025-10-28,7875.8798828125,9975.459543001676
2025-10-29,8185.20458984375,9979.044277986515
2025-10-30,8113.82177734375,9998.027898491906
2025-10-31,8113.82177734375,10009.980505600271
2025-11-03,8232.79296875,9990.845704953987
2025-11-04,8232.79296875,9980.862742313377
2025-11-05,8280.380859375,9961.385317895101
2025-11-06,8137.6162109375,9967.750219288446
2025-11-07,8256.5869140625,9973.282651114445
2025-11-10,8161.41064453125,9951.724563941903
2025-11-11,7994.85107421875,9974.543345659118
2025-11-12,8090.02734375,9977.305552601443
2025-11-13,7971.05712890625,9973.56866581567
2025-11-14,8018.6455078125,9980.552156761596
2025-11-17,8161.41064453125,9990.415929593722
2025-11-18,7994.85107421875,10002.015786110893
2025-11-19,8066.2333984375,9996.461069872057
2025-11-20,8018.6455078125,9998.845754565245
2025-11-21,7994.85107421875,10004.588598591856
2025-11-24,8066.2333984375,10003.145183152574
2025-11-25,8090.02734375,10015.237397284218
2025-11-26,8018.6455078125,10041.383725059357
2025-11-27,7923.46826171875,10044.968460044196
2025-11-28,7875.8798828125,10063.952080549587
2025-12-01,7994.85107421875,10075.904687657952
2025-12-02,7971.05712890625,10056.769887011667
2025-12-03,7951.8955078125,10046.786924371057
2025-12-04,7880.04150390625,10027.309499952784
2025-12-05,7951.8955078125,10033.674401346127
2025-12-08,7951.8955078125,10039.206833172126
2025-12-09,7760.28369140625,10017.648745999584
2025-12-10,7736.33251953125,10040.467527716799
2025-12-11,7664.47802734375,10043.229734659124
2025-12-12,7664.47802734375,10039.492847873351
2025-12-15,7951.8955078125,10046.476338819277
2025-12-16,7736.33251953125,10056.340111651403
2025-12-17,7688.42919921875,10067.939968168574
2025-12-18,7832.13818359375,10062.385251929738
2025-12-19,7712.380859375,10064.769936622926
2025-12-22,7832.13818359375,10070.512780649537
2025-12-23,7688.42919921875,10069.069365210255
2025-12-24,7688.42919921875,10081.161579341899
2025-12-29,7688.42919921875,10107.307907117038
2025-12-30,7736.33251953125,10110.892642101877
2026-01-02,7688.42919921875,10129.876262607268
2026-01-05,7736.33251953125,10141.828869715633
2026-01-06,7832.13818359375,10122.694069069348
2026-01-07,7808.18701171875,10112.711106428738
2026-01-08,7712.380859375,10093.233682010465
2026-01-09,7784.2353515625,10099.598583403807
2026-01-12,7688.42919921875,10105.131015229807
2026-01-13,7736.33251953125,10083.572928057265
2026-01-14,7664.47802734375,10106.391709774482
2026-01-15,7736.33251953125,10109.153916716805
2026-01-19,7784.2353515625,10105.417029931032
2026-01-20,7664.47802734375,10112.400520876958
2026-01-21,7377.06005859375,10122.264293709084
2026-01-22,7329.15673828125,10133.864150226254
2026-01-23,7329.15673828125,10128.309433987419
2026-01-26,7329.15673828125,10130.694118680607
2026-01-27,7185.44775390625,10136.436962707217
2026-01-28,6730.36962890625,10134.993547267935
2026-01-29,6898.0302734375,10147.08576139958
2026-01-30,7089.64208984375,10173.232089174719
2026-02-02,7281.25390625,10176.816824159558
2026-02-03,7329.15673828125,10195.800444664948
2026-02-04,7472.86572265625,10207.753051773314
2026-02-05,7472.86572265625,10188.618251127029
2026-02-06,7353.1083984375,10178.635288486419
2026-02-09,7185.44775390625,10159.157864068145
2026-02-10,7161.49658203125,10165.522765461488
2026-02-11,7137.544921875,10171.055197287487
2026-02-12,7017.78759765625,10149.497110114946
2026-02-13,6898.0302734375,10172.315891832162
2026-02-18,6969.884765625,10175.078098774486
2026-02-19,6874.07861328125,10171.341211988713
2026-02-20,6921.9814453125,10178.324702934638
2026-02-23,6993.8359375,10188.188475766767
2026-02-24,6921.9814453125,10199.788332283935
2026-02-25,7017.78759765625,10194.2336160451
2026-02-26,6993.8359375,10196.618300738288
2026-02-27,6874.07861328125,10202.361144764898
2026-03-02,6730.36962890625,10200.917729325616
2026-03-03,6778.2724609375,10213.00994345726
2026-03-04,6586.66064453125,10239.1562712324
2026-03-05,6802.22412109375,10242.74100621724
2026-03-06,6706.41796875,10261.72462672263
2026-03-09,6586.66064453125,10273.677233830995
2026-03-10,6682.466796875,10254.54243318471
2026-03-11,6538.7578125,10244.5594705441
2026-03-12,6610.6123046875,10225.082046125826
2026-03-13,6586.66064453125,10231.446947519169
2026-03-16,6466.9033203125,10236.979379345168
2026-03-17,6490.8544921875,10215.421292172627
2026-03-25,6610.6123046875,10238.240073889843
2026-03-26,6586.66064453125,10241.002280832166
2026-03-27,6419.0,10237.265394046393
2026-03-30,6450.0,10244.24888499232
2026-03-31,6450.0,10254.112657824448
2026-04-01,6500.0,10265.712514341616
2026-04-02,6575.0,10260.15779810278
2026-04-06,6500.0,10262.542482795969
2026-04-07,6500.0,10268.28532682258
2026-04-08,6750.0,10266.841911383297
2026-04-09,6475.0,10278.934125514941
2026-04-10,6700.0,10305.08045329008
2026-04-13,6575.0,10308.66518827492
2026-04-14,6750.0,10327.64880878031
2026-04-15,6550.0,10339.601415888676
2026-04-16,6525.0,10320.46661524239
2026-04-17,6425.0,10310.483652601783
2026-04-20,6475.0,10291.006228183507
2026-04-21,6500.0,10297.37112957685
2026-04-22,6450.0,10302.903561402849
2026-04-23,6425.0,10281.345474230307
2026-04-24,6050.0,10304.164255947524
2026-04-27,5975.0,10306.926462889847
2026-04-28,6000.0,10303.189576104074
2026-04-29,5975.0,10310.17306705
2026-04-30,5850.0,10320.036839882128
2026-05-04,5900.0,10331.636696399297
2026-05-05,5950.0,10326.081980160461
2026-05-06,5950.0,10328.46666485365
2026-05-07,6225.0,10334.209508880262
2026-05-08,6175.0,10332.766093440978
2026-05-11,6150.0,10344.858307572622
2026-05-12,6125.0,10371.004635347761
2026-05-13,6100.0,10374.589370332602
2026-05-14,6100.0,10393.57299083799
2026-05-15,6100.0,10405.525597946356
2026-05-18,6125.0,10386.390797300071
2026-05-19,5950.0,10376.407834659462
2026-05-20,5975.0,10356.930410241188
2026-05-21,5950.0,10363.29531163453
2026-05-22,5900.0,10368.82774346053
