Date,Aktual_Test,Prediksi_ARIMA,Batas_Bawah_95%,Batas_Atas_95%
2024-11-15,9348.53125,9285.480423986533,9102.557875639433,9468.402972333633
2024-11-18,9187.74609375,9285.480423986533,9043.237161753525,9527.723686219542
2024-11-19,9118.8369140625,9285.480423986533,8995.82038618224,9575.140461790827
2024-11-20,9256.6533203125,9285.480423986533,8955.141087993561,9615.819759979506
2024-11-21,9095.0673828125,9285.480423986533,8918.949093391493,9652.011754581574
2024-11-22,9095.0673828125,9285.480423986533,8886.02284712603,9684.938000847036
2024-11-25,9395.158203125,9285.480423986533,8855.611263526333,9715.349584446734
2024-11-26,9233.5703125,9285.480423986533,8827.213433556008,9743.74741441706
2024-11-28,9233.5703125,9285.480423986533,8800.475502442694,9770.485345530373
2024-11-29,9233.5703125,9285.480423986533,8775.136507274245,9795.824340698822
2024-12-02,9002.73046875,9285.480423986533,8750.997446962258,9819.96340101081
2024-12-03,9418.2412109375,9285.480423986533,8727.902454432297,9843.05839354077
2024-12-04,9418.2412109375,9285.480423986533,8705.726742208039,9865.234105765028
2024-12-05,9464.41015625,9285.480423986533,8684.368561735244,9886.592286237823
2024-12-06,9302.822265625,9285.480423986533,8663.743654651867,9907.2171933212
2024-12-09,9556.744140625,9285.480423986533,8643.781312450448,9927.179535522619
2024-12-10,9556.744140625,9285.480423986533,8624.421508949687,9946.53933902338
2024-12-11,9625.99609375,9285.480423986533,8605.612768811508,9965.348079161558
2024-12-12,9395.158203125,9285.480423986533,8587.310553570544,9983.650294402523
2024-12-13,9279.73828125,9285.480423986533,8569.476019418953,10001.484828554114
2024-12-16,9325.90625,9285.480423986533,8552.075047156182,10018.885800816885
2024-12-17,9141.234375,9285.480423986533,8535.077474787131,10035.883373185936
2024-12-18,9048.8984375,9285.480423986533,8518.456483310198,10052.50436466287
2024-12-19,8933.4794921875,9285.480423986533,8502.188099899191,10068.772748073876
2024-12-20,8910.3955078125,9285.480423986533,8486.250792167466,10084.7100558056
2024-12-23,9025.8154296875,9285.480423986533,8470.625133900536,10100.335714072531
2024-12-24,9002.73046875,9285.480423986533,8455.29352744779,10115.667320525277
2024-12-27,9048.8984375,9285.480423986533,8440.239971459489,10130.720876513578
2024-12-30,8933.4794921875,9285.480423986533,8425.44986523201,10145.510982741056
2025-01-02,9141.234375,9285.480423986533,8410.90984284679,10160.051005126277
2025-01-03,9095.0673828125,9285.480423986533,8396.60763173862,10174.353216234447
2025-01-06,8933.4794921875,9285.480423986533,8382.53193143444,10188.428916538627
2025-01-07,8794.9755859375,9285.480423986533,8368.672309054302,10202.288538918765
2025-01-08,8933.4794921875,9285.480423986533,8355.019108826637,10215.94173914643
2025-01-09,9095.0673828125,9285.480423986533,8341.56337338697,10229.397474586096
2025-01-10,8979.646484375,9285.480423986533,8328.296775037143,10242.664072935924
2025-01-13,8933.4794921875,9285.480423986533,8315.211555466283,10255.749292506784
2025-01-14,8794.9755859375,9285.480423986533,8302.300472694269,10268.660375278798
2025-01-15,9048.8984375,9285.480423986533,8289.556754207291,10281.404093765776
2025-01-16,9002.73046875,9285.480423986533,8276.974055424565,10293.986792548501
2025-01-17,9141.234375,9285.480423986533,8264.546422773165,10306.414425199902
2025-01-20,8887.3115234375,9285.480423986533,8252.268260761073,10318.692587211994
2025-01-21,8841.1435546875,9285.480423986533,8240.134302531766,10330.826545441301
2025-01-22,8864.2275390625,9285.480423986533,8228.139583460632,10342.821264512435
2025-01-23,8864.2275390625,9285.480423986533,8216.279417417836,10354.68143055523
2025-01-24,8633.3876953125,9285.480423986533,8204.549375375658,10366.411472597409
2025-01-30,8448.716796875,9285.480423986533,8192.945266083365,10378.015581889702
2025-01-31,8725.724609375,9285.480423986533,8181.463118570538,10389.497729402528
2025-02-03,8633.3876953125,9285.480423986533,8170.099166271716,10400.861681701352
2025-02-04,8471.7998046875,9285.480423986533,8158.84983259245,10412.111015380617
2025-02-05,8425.6328125,9285.480423986533,8147.711717759967,10423.2491302131
2025-02-06,8264.044921875,9285.480423986533,8136.681586821397,10434.279261151669
2025-02-07,8633.3876953125,9285.480423986533,8125.756358669501,10445.204489303565
2025-02-10,8448.716796875,9285.480423986533,8114.933095990371,10456.027751982696
2025-02-11,8379.4658203125,9285.480423986533,8104.208996040166,10466.7518519329
2025-02-12,8448.716796875,9285.480423986533,8093.581382168837,10477.37946580423
2025-02-13,8310.2138671875,9285.480423986533,8083.047696018171,10487.913151954896
2025-02-14,8287.12890625,9285.480423986533,8072.605490329757,10498.35535764331
2025-02-17,8610.3037109375,9285.480423986533,8062.252422305562,10508.708425667504
2025-02-18,8587.2197265625,9285.480423986533,8051.986247470115,10518.974600502952
2025-02-19,8264.044921875,9285.480423986533,8041.804813988729,10529.156033984338
2025-02-20,8310.2138671875,9285.480423986533,8031.70605740102,10539.254790572046
2025-02-21,8310.2138671875,9285.480423986533,8021.687995733223,10549.272852239843
2025-02-24,8240.9619140625,9285.480423986533,8011.748724956517,10559.21212301655
2025-02-25,8148.6259765625,9285.480423986533,8001.886414761893,10569.074433211174
2025-02-26,8102.45751953125,9285.480423986533,7992.099304625006,10578.86154334806
2025-02-27,7871.6181640625,9285.480423986533,7982.385700137046,10588.575147836022
2025-02-28,7779.283203125,9285.480423986533,7972.743969579989,10598.216878393077
2025-03-03,8125.5419921875,9285.480423986533,7963.172540726602,10607.788307246465
2025-03-04,8171.71044921875,9285.480423986533,7953.669897847453,10617.290950125613
2025-03-05,8310.2138671875,9285.480423986533,7944.234578908777,10626.726269064291
2025-03-06,8287.12890625,9285.480423986533,7934.865172946535,10636.095675026532
2025-03-07,8240.9619140625,9285.480423986533,7925.560317603318,10645.400530369749
2025-03-10,8240.9619140625,9285.480423986533,7916.318696815916,10654.64215115715
2025-03-11,8240.9619140625,9285.480423986533,7907.139038642423,10663.821809330644
2025-03-12,8425.6328125,9285.480423986533,7898.020113218758,10672.94073475431
2025-03-13,8287.12890625,9285.480423986533,7888.960730835267,10682.0001171378
2025-03-14,8079.3740234375,9285.480423986533,7879.959740124926,10691.00110784814
2025-03-17,7940.8701171875,9285.480423986533,7871.016026355297,10699.94482161777
2025-03-18,7663.86279296875,9285.480423986533,7862.1285098171,10708.832338155966
2025-03-19,7686.94677734375,9285.480423986533,7853.296144302776,10717.66470367029
2025-03-20,7733.115234375,9285.480423986533,7844.517915668994,10726.442932304073
2025-03-21,7518.966796875,9285.480423986533,7835.7928404774975,10735.16800749557
2025-03-24,7566.5556640625,9285.480423986533,7827.119964709143,10743.840883263925
2025-03-25,7661.732421875,9285.480423986533,7818.498362546361,10752.462485426706
2025-03-26,8113.82177734375,9285.480423986533,7809.927135219656,10761.033712753411
2025-03-27,8090.02734375,9285.480423986533,7801.405409914049,10769.555438059018
2025-04-08,7399.99560546875,9285.480423986533,7792.9323387317445,10778.028509241323
2025-04-09,7542.76123046875,9285.480423986533,7784.507097707472,10786.453750265595
2025-04-10,7828.29150390625,9285.480423986533,7776.12888587332,10794.831962099746
2025-04-11,7875.8798828125,9285.480423986533,7767.796924370023,10803.163923603044
2025-04-14,7994.85107421875,9285.480423986533,7759.510455601929,10811.450392371138
2025-04-15,8161.41064453125,9285.480423986533,7751.268742433038,10819.692105540029
2025-04-16,8066.2333984375,9285.480423986533,7743.071067421714,10827.889780551352
2025-04-17,8090.02734375,9285.480423986533,7734.916732091811,10836.044115881255
2025-04-21,7899.673828125,9285.480423986533,7726.8050562381095,10844.155791734958
2025-04-22,8090.02734375,9285.480423986533,7718.735377264133,10852.225470708934
2025-04-23,8304.17578125,9285.480423986533,7710.707049550493,10860.253798422573
2025-04-24,8066.2333984375,9285.480423986533,7702.719443852083,10868.241404120983
2025-04-25,8185.20458984375,9285.480423986533,7694.7719467225,10876.188901250567
2025-04-28,8351.763671875,9285.480423986533,7686.863959964236,10884.096888008831
2025-04-29,8304.17578125,9285.480423986533,7678.994900103219,10891.965947869849
2025-04-30,8399.3525390625,9285.480423986533,7671.164197886412,10899.796650086655
2025-05-02,8542.1171875,9285.480423986533,7663.3712978012345,10907.589550171833
2025-05-05,8542.1171875,9285.480423986533,7655.615657615676,10915.34519035739
2025-05-06,8589.7060546875,9285.480423986533,7647.896747938003,10923.064100035064
2025-05-07,8637.294921875,9285.480423986533,7640.214051795053,10930.746796178013
2025-05-08,8542.1171875,9285.480423986533,7632.567064228192,10938.393783744876
2025-05-09,8565.912109375,9285.480423986533,7624.9552919059915,10946.005556067075
2025-05-14,8827.6484375,9285.480423986533,7617.37825275283,10953.582595220236
2025-05-15,8827.6484375,9285.480423986533,7609.835475592606,10961.125372380462
2025-05-16,8851.44140625,9285.480423986533,7602.326499806816,10968.634348166252
2025-05-19,9041.794921875,9285.480423986533,7594.850875006309,10976.109972966759
2025-05-20,9018.001953125,9285.480423986533,7587.4081607160415,10983.552687257024
2025-05-21,9232.1494140625,9285.480423986533,7579.997926072215,10990.962921900853
2025-05-22,9184.5615234375,9285.480423986533,7572.619749531206,10998.34109844186
2025-05-23,9208.35546875,9285.480423986533,7565.2732185897385,11005.687629383328
2025-05-26,9160.7666015625,9285.480423986533,7557.957929515755,11013.002918457312
2025-05-27,8994.2080078125,9285.480423986533,7550.673487089509,11020.287360883558
2025-05-28,8946.619140625,9285.480423986533,7543.419504354407,11027.54134361866
2025-06-02,8661.087890625,9285.480423986533,7536.1956023771345,11034.765245595932
2025-06-03,8613.5009765625,9285.480423986533,7529.001410016677,11041.95943795639
2025-06-04,8542.1171875,9285.480423986533,7521.836563701807,11049.12428427126
2025-06-05,8494.529296875,9285.480423986533,7514.700707216685,11056.260140756382
2025-06-10,8661.087890625,9285.480423986533,7507.5934914942,11063.367356478866
2025-06-11,8613.5009765625,9285.480423986533,7500.5145744167185,11070.446273556348
2025-06-12,8684.8828125,9285.480423986533,7493.463620623912,11077.497227349155
2025-06-13,8589.7060546875,9285.480423986533,7486.440301327375,11084.520546645692
2025-06-16,8494.529296875,9285.480423986533,7479.444294131714,11091.516553841353
2025-06-17,8637.294921875,9285.480423986533,7472.475282861868,11098.4855651112
2025-06-18,8470.734375,9285.480423986533,7465.532957396368,11105.427890576699
2025-06-19,8351.763671875,9285.480423986533,7458.617013506304,11112.343834466763
2025-06-20,8280.380859375,9285.480423986533,7451.727152699759,11119.233695273308
2025-06-23,8208.9990234375,9285.480423986533,7444.863082071479,11126.097765901588
2025-06-24,8351.763671875,9285.480423986533,7438.024514157578,11132.936333815489
2025-06-25,8185.20458984375,9285.480423986533,7431.211166795058,11139.74968117801
2025-06-26,8232.79296875,9285.480423986533,7424.4227629859615,11146.538084987105
2025-06-30,8256.5869140625,9285.480423986533,7417.659030765968,11153.301817207099
2025-07-01,8280.380859375,9285.480423986533,7410.919703077257,11160.041144895811
2025-07-02,8256.5869140625,9285.480423986533,7404.204517645467,11166.7563303276
2025-07-03,8185.20458984375,9285.480423986533,7397.513216860601,11173.447631112467
2025-07-04,8232.79296875,9285.480423986533,7390.845547661707,11180.11530031136
2025-07-07,8208.9990234375,9285.480423986533,7384.201261425211,11186.759586547856
2025-07-08,8090.02734375,9285.480423986533,7377.580113856736,11193.38073411633
2025-07-09,8090.02734375,9285.480423986533,7370.9818648863,11199.978983086767
2025-07-10,8185.20458984375,9285.480423986533,7364.406278566747,11206.55456940632
2025-07-11,8208.9990234375,9285.480423986533,7357.853122975299,11213.107724997768
2025-07-14,8113.82177734375,9285.480423986533,7351.322170118109,11219.638677854957
2025-07-15,8137.6162109375,9285.480423986533,7344.813195837708,11226.147652135358
2025-07-16,8113.82177734375,9285.480423986533,7338.325979723229,11232.634868249837
2025-07-17,8113.82177734375,9285.480423986533,7331.860305023322,11239.100542949745
2025-07-18,8018.6455078125,9285.480423986533,7325.415958561653,11245.544889411414
2025-07-21,8042.43994140625,9285.480423986533,7318.992730654887,11251.96811731818
2025-07-22,7994.85107421875,9285.480423986533,7312.590415033092,11258.370432939975
2025-07-23,8018.6455078125,9285.480423986533,7306.208808762436,11264.75203921063
2025-07-24,8090.02734375,9285.480423986533,7299.847712170146,11271.11313580292
2025-07-25,8042.43994140625,9285.480423986533,7293.506928771601,11277.453919201465
2025-07-28,8090.02734375,9285.480423986533,7287.1862651995225,11283.774582773543
2025-07-29,7994.85107421875,9285.480423986533,7280.885531135167,11290.0753168379
2025-07-30,7971.05712890625,9285.480423986533,7274.604539241462,11296.356308731605
2025-07-31,7875.8798828125,9285.480423986533,7268.343105098013,11302.617742875052
2025-08-01,7899.673828125,9285.480423986533,7262.101047137925,11308.859800835142
2025-08-04,7875.8798828125,9285.480423986533,7255.878186586369,11315.082661386698
2025-08-05,8018.6455078125,9285.480423986533,7249.674347400836,11321.28650057223
2025-08-06,7899.673828125,9285.480423986533,7243.489356213037,11327.471491760029
2025-08-07,7899.673828125,9285.480423986533,7237.323042272366,11333.6378057007
2025-08-08,7899.673828125,9285.480423986533,7231.1752373908985,11339.785610582168
2025-08-11,8137.6162109375,9285.480423986533,7225.04577588987,11345.915072083197
2025-08-12,8423.1474609375,9285.480423986533,7218.934494547579,11352.026353425488
2025-08-13,8494.529296875,9285.480423986533,7212.841232548668,11358.119615424399
2025-08-14,8351.763671875,9285.480423986533,7206.7658314347555,11364.195016538311
2025-08-15,8280.380859375,9285.480423986533,7200.70813505635,11370.252712916717
2025-08-19,8090.02734375,9285.480423986533,7194.667989526022,11376.292858447045
2025-08-20,8113.82177734375,9285.480423986533,7188.645243172795,11382.315604800271
2025-08-21,8137.6162109375,9285.480423986533,7182.639746497704,11388.321101475362
2025-08-22,8042.43994140625,9285.480423986533,7176.651352130502,11394.309495842565
2025-08-25,8066.2333984375,9285.480423986533,7170.679914787459,11400.280933185608
2025-08-26,7852.08544921875,9285.480423986533,7164.725291230241,11406.235556742826
2025-08-27,7899.673828125,9285.480423986533,7158.78734022582,11412.173507747248
2025-08-28,7923.46826171875,9285.480423986533,7152.865922507388,11418.094925465679
2025-08-29,7685.5263671875,9285.480423986533,7146.960900736245,11423.999947236822
2025-09-01,7614.1435546875,9285.480423986533,7141.07213946464,11429.888708508428
2025-09-02,7614.1435546875,9285.480423986533,7135.199505099509,11435.761342873557
2025-09-03,7590.349609375,9285.480423986533,7129.342865867126,11441.617982105941
2025-09-04,7614.1435546875,9285.480423986533,7123.502091778597,11447.45875619447
2025-09-08,7328.61328125,9285.480423986533,7117.6770545961945,11453.283793376871
2025-09-09,7162.05419921875,9285.480423986533,7111.867627800515,11459.093220172552
2025-09-10,7423.7900390625,9285.480423986533,7106.073686558411,11464.887161414656
2025-09-11,7471.37890625,9285.480423986533,7100.2951076916925,11470.665740281374
2025-09-12,7542.76123046875,9285.480423986533,7094.531769646574,11476.429078326493
2025-09-15,7637.93798828125,9285.480423986533,7088.783552463843,11482.177295509224
2025-09-16,7542.76123046875,9285.480423986533,7083.050337749726,11487.91051022334
2025-09-17,7471.37890625,9285.480423986533,7077.332008647438,11493.628839325629
2025-09-18,7328.61328125,9285.480423986533,7071.6284498093855,11499.332398163682
2025-09-19,7423.7900390625,9285.480423986533,7065.9395473700315,11505.021300603035
2025-09-22,7352.40771484375,9285.480423986533,7060.265188919363,11510.695659053705
2025-09-23,7495.1728515625,9285.480423986533,7054.605263476978,11516.35558449609
2025-09-24,7399.99560546875,9285.480423986533,7048.959661466761,11522.001186506306
2025-09-25,7328.61328125,9285.480423986533,7043.328274692128,11527.632573280938
2025-09-26,7257.23095703125,9285.480423986533,7037.71099631184,11533.249851661227
2025-09-29,7399.99560546875,9285.480423986533,7032.107720816348,11538.853127156719
2025-09-30,7257.23095703125,9285.480423986533,7026.518344004667,11544.4425039684
2025-10-01,7138.259765625,9285.480423986533,7020.942762961772,11550.018085011296
2025-10-02,7138.259765625,9285.480423986533,7015.38087603649,11555.579971936577
2025-10-03,7162.05419921875,9285.480423986533,7009.832582819872,11561.128265153195
2025-10-06,7138.259765625,9285.480423986533,7004.297784124048,11566.663063849019
2025-10-07,7209.64208984375,9285.480423986533,6998.776381961534,11572.184466011533
2025-10-08,7019.28857421875,9285.480423986533,6993.268279524995,11577.692568448072
2025-10-09,7185.8486328125,9285.480423986533,6987.773381167441,11583.187466805626
2025-10-10,7043.0830078125,9285.480423986533,6982.291592382848,11588.66925559022
2025-10-13,6971.70068359375,9285.480423986533,6976.822819787191,11594.138028185876
2025-10-14,6900.31787109375,9285.480423986533,6971.366971099891,11599.593876873176
2025-10-15,6900.31787109375,9285.480423986533,6965.923955125636,11605.03689284743
2025-10-16,6947.90625,9285.480423986533,6960.493681736607,11610.46716623646
2025-10-17,7138.259765625,9285.480423986533,6955.076061855056,11615.884786118011
2025-10-20,7495.1728515625,9285.480423986533,6949.671007436264,11621.289840536803
2025-10-21,8066.2333984375,9285.480423986533,6944.278431451843,11626.682416521224
2025-10-22,7804.4970703125,9285.480423986533,6938.898247873389,11632.062600099678
2025-10-23,7923.46826171875,9285.480423986533,6933.530371656469,11637.430476316598
2025-10-24,7875.8798828125,9285.480423986533,6928.174718724934,11642.786129248132
2025-10-27,7947.2626953125,9285.480423986533,6922.831205955557,11648.12964201751
2025-10-28,7875.8798828125,9285.480423986533,6917.499751162983,11653.461096810084
2025-10-29,8185.20458984375,9285.480423986533,6912.180273084973,11658.780574888093
2025-10-30,8113.82177734375,9285.480423986533,6906.872691367962,11664.088156605105
2025-10-31,8113.82177734375,9285.480423986533,6901.576926552891,11669.383921420176
2025-11-03,8232.79296875,9285.480423986533,6896.292900061329,11674.667947911737
2025-11-04,8232.79296875,9285.480423986533,6891.020534181874,11679.940313791194
2025-11-05,8280.380859375,9285.480423986533,6885.7597520568115,11685.201095916254
2025-11-06,8137.6162109375,9285.480423986533,6880.510477669048,11690.450370304019
2025-11-07,8256.5869140625,9285.480423986533,6875.272635829291,11695.688212143776
2025-11-10,8161.41064453125,9285.480423986533,6870.04615216349,11700.914695809577
2025-11-11,7994.85107421875,9285.480423986533,6864.830953100505,11706.129894872562
2025-11-12,8090.02734375,9285.480423986533,6859.626965860032,11711.333882113035
2025-11-13,7971.05712890625,9285.480423986533,6854.434118440751,11716.526729532316
2025-11-14,8018.6455078125,9285.480423986533,6849.2523396087,11721.708508364367
2025-11-17,8161.41064453125,9285.480423986533,6844.081558885875,11726.879289087192
2025-11-18,7994.85107421875,9285.480423986533,6838.921706539049,11732.039141434017
2025-11-19,8066.2333984375,9285.480423986533,6833.772713568798,11737.188134404269
2025-11-20,8018.6455078125,9285.480423986533,6828.634511698735,11742.326336274331
2025-11-21,7994.85107421875,9285.480423986533,6823.5070333649455,11747.453814608121
2025-11-24,8066.2333984375,9285.480423986533,6818.390211705626,11752.570636267441
2025-11-25,8090.02734375,9285.480423986533,6813.28398055091,11757.676867422157
2025-11-26,8018.6455078125,9285.480423986533,6808.1882744128825,11762.772573560185
2025-11-27,7923.46826171875,9285.480423986533,6803.1030284757835,11767.857819497283
2025-11-28,7875.8798828125,9285.480423986533,6798.028178586388,11772.932669386679
2025-12-01,7994.85107421875,9285.480423986533,6792.963661244561,11777.997186728506
2025-12-02,7971.05712890625,9285.480423986533,6787.909413593993,11783.051434379075
2025-12-03,7951.8955078125,9285.480423986533,6782.865373413093,11788.095474559974
2025-12-04,7880.04150390625,9285.480423986533,6777.83147910605,11793.129368867016
2025-12-05,7951.8955078125,9285.480423986533,6772.807669694066,11798.153178279
2025-12-08,7951.8955078125,9285.480423986533,6767.793884806728,11803.166963166339
2025-12-09,7760.28369140625,9285.480423986533,6762.790064673547,11808.17078329952
2025-12-10,7736.33251953125,9285.480423986533,6757.79615011565,11813.164697857417
2025-12-11,7664.47802734375,9285.480423986533,6752.8120825376045,11818.148765435462
2025-12-12,7664.47802734375,9285.480423986533,6747.837803919405,11823.123044053662
2025-12-15,7951.8955078125,9285.480423986533,6742.873256808588,11828.08759116448
2025-12-16,7736.33251953125,9285.480423986533,6737.918384312494,11833.042463660573
2025-12-17,7688.42919921875,9285.480423986533,6732.973130090659,11837.987717882408
2025-12-18,7832.13818359375,9285.480423986533,6728.037438347335,11842.923409625731
2025-12-19,7712.380859375,9285.480423986533,6723.111253824156,11847.849594148911
2025-12-22,7832.13818359375,9285.480423986533,6718.1945217929115,11852.766326180155
2025-12-23,7688.42919921875,9285.480423986533,6713.287188048453,11857.673659924614
2025-12-24,7688.42919921875,9285.480423986533,6708.389198901727,11862.57164907134
2025-12-29,7688.42919921875,9285.480423986533,6703.500501172918,11867.460346800148
2025-12-30,7736.33251953125,9285.480423986533,6698.621042184714,11872.339805788353
2026-01-02,7688.42919921875,9285.480423986533,6693.7507697556775,11877.21007821739
2026-01-05,7736.33251953125,9285.480423986533,6688.889632193748,11882.071215779319
2026-01-06,7832.13818359375,9285.480423986533,6684.037578289826,11886.92326968324
2026-01-07,7808.18701171875,9285.480423986533,6679.194557311492,11891.766290661575
2026-01-08,7712.380859375,9285.480423986533,6674.360518996806,11896.600328976261
2026-01-09,7784.2353515625,9285.480423986533,6669.535413548229,11901.425434424837
2026-01-12,7688.42919921875,9285.480423986533,6664.719191626639,11906.241656346428
2026-01-13,7736.33251953125,9285.480423986533,6659.911804345438,11911.049043627629
2026-01-14,7664.47802734375,9285.480423986533,6655.113203264769,11915.847644708298
2026-01-15,7736.33251953125,9285.480423986533,6650.323340385818,11920.63750758725
2026-01-19,7784.2353515625,9285.480423986533,6645.54216814521,11925.418679827857
2026-01-20,7664.47802734375,9285.480423986533,6640.769639409509,11930.191208563558
2026-01-21,7377.06005859375,9285.480423986533,6636.005707469783,11934.955140503283
2026-01-22,7329.15673828125,9285.480423986533,6631.250326036281,11939.710521936786
2026-01-23,7329.15673828125,9285.480423986533,6626.503449233179,11944.457398739887
2026-01-26,7329.15673828125,9285.480423986533,6621.765031593421,11949.195816379646
2026-01-27,7185.44775390625,9285.480423986533,6617.035028053634,11953.925819919434
2026-01-28,6730.36962890625,9285.480423986533,6612.313393949132,11958.647454023936
2026-01-29,6898.0302734375,9285.480423986533,6607.600085008991,11963.360762964076
2026-01-30,7089.64208984375,9285.480423986533,6602.89505735121,11968.065790621857
2026-02-02,7281.25390625,9285.480423986533,6598.198267477943,11972.762580495124
2026-02-03,7329.15673828125,9285.480423986533,6593.509672270803,11977.451175702263
2026-02-04,7472.86572265625,9285.480423986533,6588.829228986251,11982.131618986816
2026-02-05,7472.86572265625,9285.480423986533,6584.156895251046,11986.80395272202
2026-02-06,7353.1083984375,9285.480423986533,6579.49262905777,11991.468218915297
2026-02-09,7185.44775390625,9285.480423986533,6574.8363887604155,11996.124459212651
2026-02-10,7161.49658203125,9285.480423986533,6570.188133070062,12000.772714903005
2026-02-11,7137.544921875,9285.480423986533,6565.547821050586,12005.41302692248
2026-02-12,7017.78759765625,9285.480423986533,6560.915412114471,12010.045435858596
2026-02-13,6898.0302734375,9285.480423986533,6556.290866018655,12014.669981954412
2026-02-18,6969.884765625,9285.480423986533,6551.674142860455,12019.286705112612
2026-02-19,6874.07861328125,9285.480423986533,6547.065203073553,12023.895644899514
2026-02-20,6921.9814453125,9285.480423986533,6542.464007424032,12028.496840549034
2026-02-23,6993.8359375,9285.480423986533,6537.870517006491,12033.090330966575
2026-02-24,6921.9814453125,9285.480423986533,6533.284693240195,12037.676154732872
2026-02-25,7017.78759765625,9285.480423986533,6528.7064978653025,12042.254350107763
2026-02-26,6993.8359375,9285.480423986533,6524.135892939138,12046.824955033928
2026-02-27,6874.07861328125,9285.480423986533,6519.572840832525,12051.388007140542
2026-03-02,6730.36962890625,9285.480423986533,6515.017304226167,12055.9435437469
2026-03-03,6778.2724609375,9285.480423986533,6510.469246107093,12060.491601865975
2026-03-04,6586.66064453125,9285.480423986533,6505.928629765146,12065.032218207922
2026-03-05,6802.22412109375,9285.480423986533,6501.395418789525,12069.565429183542
2026-03-06,6706.41796875,9285.480423986533,6496.8695770653785,12074.091270907687
2026-03-09,6586.66064453125,9285.480423986533,6492.351068770449,12078.609779202618
2026-03-10,6682.466796875,9285.480423986533,6487.839858371768,12083.120989601299
2026-03-11,6538.7578125,9285.480423986533,6483.335910622385,12087.624937350682
2026-03-12,6610.6123046875,9285.480423986533,6478.839190558168,12092.121657414898
2026-03-13,6586.66064453125,9285.480423986533,6474.34966349463,12096.611184478437
2026-03-16,6466.9033203125,9285.480423986533,6469.867295023805,12101.093552949262
2026-03-17,6490.8544921875,9285.480423986533,6465.39205101118,12105.568796961887
2026-03-25,6610.6123046875,9285.480423986533,6460.923897592653,12110.036950380414
2026-03-26,6586.66064453125,9285.480423986533,6456.462801171546,12114.49804680152
2026-03-27,6419.0,9285.480423986533,6452.008728415664,12118.952119557402
2026-03-30,6450.0,9285.480423986533,6447.561646254382,12123.399201718685
2026-03-31,6450.0,9285.480423986533,6443.121521875781,12127.839326097286
2026-04-01,6500.0,9285.480423986533,6438.688322723827,12132.27252524924
2026-04-02,6575.0,9285.480423986533,6434.262016495583,12136.698831477483
2026-04-06,6500.0,9285.480423986533,6429.842571138466,12141.1182768346
2026-04-07,6500.0,9285.480423986533,6425.429954847534,12145.530893125533
2026-04-08,6750.0,9285.480423986533,6421.024136062819,12149.936711910248
2026-04-09,6475.0,9285.480423986533,6416.625083466695,12154.335764506372
2026-04-10,6700.0,9285.480423986533,6412.232765981276,12158.72808199179
2026-04-13,6575.0,9285.480423986533,6407.847152765862,12163.113695207205
2026-04-14,6750.0,9285.480423986533,6403.468213214401,12167.492634758666
2026-04-15,6550.0,9285.480423986533,6399.095916953008,12171.86493102006
2026-04-16,6525.0,9285.480423986533,6394.730233837501,12176.230614135566
2026-04-17,6425.0,9285.480423986533,6390.371133950982,12180.589714022084
2026-04-20,6475.0,9285.480423986533,6386.018587601435,12184.942260371632
2026-04-21,6500.0,9285.480423986533,6381.672565319376,12189.288282653692
2026-04-22,6450.0,9285.480423986533,6377.333037855522,12193.627810117545
2026-04-23,6425.0,9285.480423986533,6372.999976178493,12197.960871794574
2026-04-24,6050.0,9285.480423986533,6368.673351472546,12202.287496500521
2026-04-27,5975.0,9285.480423986533,6364.353135135342,12206.607712837726
2026-04-28,6000.0,9285.480423986533,6360.039298775739,12210.921549197328
2026-04-29,5975.0,9285.480423986533,6355.73181421161,12215.229033761458
2026-04-30,5850.0,9285.480423986533,6351.430653467705,12219.530194505362
2026-05-04,5900.0,9285.480423986533,6347.135788773523,12223.825059199544
2026-05-05,5950.0,9285.480423986533,6342.847192561221,12228.113655411846
2026-05-06,5950.0,9285.480423986533,6338.564837463555,12232.396010509512
2026-05-07,6225.0,9285.480423986533,6334.288696311837,12236.67215166123
2026-05-08,6175.0,9285.480423986533,6330.018742133924,12240.942105839142
2026-05-11,6150.0,9285.480423986533,6325.754948152238,12245.205899820829
2026-05-12,6125.0,9285.480423986533,6321.497287781802,12249.463560191265
2026-05-13,6100.0,9285.480423986533,6317.245734628306,12253.71511334476
2026-05-14,6100.0,9285.480423986533,6313.0002624862045,12257.960585486862
2026-05-15,6100.0,9285.480423986533,6308.760845336822,12262.200002636244
2026-05-18,6125.0,9285.480423986533,6304.527457346501,12266.433390626566
2026-05-19,5950.0,9285.480423986533,6300.300072864762,12270.660775108305
2026-05-20,5975.0,9285.480423986533,6296.07866642249,12274.882181550576
2026-05-21,5950.0,9285.480423986533,6291.863212730143,12279.097635242924
2026-05-22,5900.0,9285.480423986533,6287.65368667599,12283.307161297078
