ds,y
2019-01-01,4253.7919921875
2019-01-02,4286.51318359375
2019-01-03,4237.431640625
2019-01-04,4257.8818359375
2019-01-07,4290.60400390625
2019-01-08,4286.51318359375
2019-01-09,4298.78466796875
2019-01-10,4298.78466796875
2019-01-11,4294.693359375
2019-01-14,4253.7919921875
2019-01-15,4302.875
2019-01-16,4323.3251953125
2019-01-17,4360.13671875
2019-01-18,4437.8505859375
2019-01-21,4536.0146484375
2019-01-22,4581.00634765625
2019-01-23,4499.20263671875
2019-01-24,4466.48291015625
2019-01-25,4499.20263671875
2019-01-28,4495.11328125
2019-01-29,4531.92431640625
2019-01-30,4515.5634765625
2019-01-31,4609.63818359375
2019-02-01,4609.63818359375
2019-02-04,4499.20263671875
2019-02-05,4499.20263671875
2019-02-06,4527.8349609375
2019-02-07,4523.744140625
2019-02-08,4515.5634765625
2019-02-11,4495.11328125
2019-02-12,4466.48291015625
2019-02-13,4433.76025390625
2019-02-14,4401.0390625
2019-02-15,4384.677734375
2019-02-18,4482.84228515625
2019-02-19,4401.0390625
2019-02-20,4499.20263671875
2019-02-21,4503.29345703125
2019-02-22,4491.02294921875
2019-02-25,4491.02294921875
2019-02-26,4544.19580078125
2019-02-27,4552.37646484375
2019-02-28,4511.474609375
2019-03-01,4531.92431640625
2019-03-04,4527.8349609375
2019-03-05,4495.11328125
2019-03-06,4491.02294921875
2019-03-07,4491.02294921875
2019-03-08,4450.12060546875
2019-03-11,4503.29345703125
2019-03-12,4499.20263671875
2019-03-13,4499.20263671875
2019-03-14,4482.84228515625
2019-03-15,4531.92431640625
2019-03-18,4540.10546875
2019-03-19,4491.02294921875
2019-03-20,4474.662109375
2019-03-21,4478.75244140625
2019-03-22,4486.93310546875
2019-03-25,4462.39111328125
2019-03-26,4474.662109375
2019-03-27,4486.93310546875
2019-03-28,4474.662109375
2019-03-29,4507.3837890625
2019-04-01,4499.20263671875
2019-04-02,4499.20263671875
2019-04-03,4499.20263671875
2019-04-04,4531.92431640625
2019-04-05,4523.744140625
2019-04-08,4482.84228515625
2019-04-09,4527.8349609375
2019-04-10,4519.654296875
2019-04-11,4482.84228515625
2019-04-12,4499.20263671875
2019-04-15,4503.29345703125
2019-04-16,4495.11328125
2019-04-17,4495.11328125
2019-04-18,4601.45751953125
2019-04-19,4601.45751953125
2019-04-22,4601.45751953125
2019-04-23,4605.5478515625
2019-04-24,4647.6494140625
2019-04-25,4618.7568359375
2019-04-26,4639.39453125
2019-04-29,4693.05322265625
2019-04-30,4746.7099609375
2019-05-01,4746.7099609375
2019-05-02,4693.05322265625
2019-05-03,4684.7978515625
2019-05-06,4639.39453125
2019-05-07,4672.4150390625
2019-05-08,4705.435546875
2019-05-09,4647.6494140625
2019-05-10,4631.13916015625
2019-05-13,4631.13916015625
2019-05-14,4536.20556640625
2019-05-15,4507.3115234375
2019-05-16,4358.71826171875
2019-05-17,4276.16796875
2019-05-20,4441.27099609375
2019-05-21,4507.3115234375
2019-05-22,4507.3115234375
2019-05-23,4627.01123046875
2019-05-24,4631.13916015625
2019-05-27,4693.05322265625
2019-05-28,4734.3291015625
2019-05-29,4738.45556640625
2019-05-30,4738.45556640625
2019-05-31,4804.4970703125
2019-06-03,4804.4970703125
2019-06-04,4804.4970703125
2019-06-05,4804.4970703125
2019-06-06,4804.4970703125
2019-06-07,4804.4970703125
2019-06-10,4854.0283203125
2019-06-11,4878.79345703125
2019-06-12,4825.134765625
2019-06-13,4792.1142578125
2019-06-14,4787.9873046875
2019-06-17,4783.85888671875
2019-06-18,4870.53759765625
2019-06-19,4903.5595703125
2019-06-20,4878.79345703125
2019-06-21,4854.0283203125
2019-06-24,4849.8994140625
2019-06-25,4878.79345703125
2019-06-26,4841.64501953125
2019-06-27,4899.43115234375
2019-06-28,4948.96240234375
2019-07-01,4944.83447265625
2019-07-02,4953.08935546875
2019-07-03,4953.08935546875
2019-07-04,4944.83447265625
2019-07-05,4928.32421875
2019-07-08,4854.0283203125
2019-07-09,4953.08935546875
2019-07-10,4953.08935546875
2019-07-11,4973.72705078125
2019-07-12,4961.3447265625
2019-07-15,5039.7685546875
2019-07-16,5023.25830078125
2019-07-17,5076.9169921875
2019-07-18,5072.78955078125
2019-07-19,5118.19189453125
2019-07-22,5192.48876953125
2019-07-23,5147.08642578125
2019-07-24,5159.46826171875
2019-07-25,5159.46826171875
2019-07-26,5114.0654296875
2019-07-29,5109.9384765625
2019-07-30,5134.703125
2019-07-31,5109.9384765625
2019-08-01,5126.447265625
2019-08-02,5089.30029296875
2019-08-05,4953.08935546875
2019-08-06,4854.0283203125
2019-08-07,4961.3447265625
2019-08-08,4957.2177734375
2019-08-09,5006.74853515625
2019-08-12,4986.1103515625
2019-08-13,4965.47314453125
2019-08-14,4961.3447265625
2019-08-15,4953.08935546875
2019-08-16,4920.06884765625
2019-08-19,4965.47314453125
2019-08-20,4940.70751953125
2019-08-21,4932.45263671875
2019-08-22,4953.08935546875
2019-08-23,4948.96240234375
2019-08-26,4944.83447265625
2019-08-27,4957.2177734375
2019-08-28,4948.96240234375
2019-08-29,4957.2177734375
2019-08-30,5035.642578125
2019-09-02,4953.08935546875
2019-09-03,4998.4931640625
2019-09-04,4969.60009765625
2019-09-05,4986.1103515625
2019-09-06,4973.72705078125
2019-09-09,4981.9833984375
2019-09-10,4998.4931640625
2019-09-11,5035.642578125
2019-09-12,4969.60009765625
2019-09-13,4977.85595703125
2019-09-16,4957.2177734375
2019-09-17,4977.85595703125
2019-09-18,4986.1103515625
2019-09-19,4977.85595703125
2019-09-20,4944.83447265625
2019-09-23,4973.72705078125
2019-09-24,4907.68603515625
2019-09-25,4899.43115234375
2019-09-26,5002.6201171875
2019-09-27,5010.87646484375
2019-09-30,5010.87646484375
2019-10-01,4986.1103515625
2019-10-02,4994.365234375
2019-10-03,4986.1103515625
2019-10-04,4990.23828125
2019-10-07,5010.87646484375
2019-10-08,5035.642578125
2019-10-09,5010.87646484375
2019-10-10,5043.896484375
2019-10-11,5056.279296875
2019-10-14,5118.19189453125
2019-10-15,5097.5546875
2019-10-16,5130.57568359375
2019-10-17,5048.0234375
2019-10-18,5085.171875
2019-10-21,5134.703125
2019-10-22,5200.74365234375
2019-10-23,5180.1064453125
2019-10-24,5200.74365234375
2019-10-25,5118.19189453125
2019-10-28,5122.3203125
2019-10-29,5134.703125
2019-10-30,5171.8515625
2019-10-31,5192.48876953125
2019-11-01,5221.3818359375
2019-11-04,5180.1064453125
2019-11-05,5250.27490234375
2019-11-06,5196.61669921875
2019-11-07,5188.361328125
2019-11-08,5184.23388671875
2019-11-11,5196.61669921875
2019-11-12,5171.8515625
2019-11-13,5184.23388671875
2019-11-14,5175.97900390625
2019-11-15,5180.1064453125
2019-11-18,5184.23388671875
2019-11-19,5213.12744140625
2019-11-20,5242.0205078125
2019-11-21,5200.74365234375
2019-11-22,5204.8720703125
2019-11-25,5180.1064453125
2019-11-26,5188.361328125
2019-11-27,5200.74365234375
2019-11-28,5159.46826171875
2019-11-29,5184.23388671875
2019-12-02,5303.93359375
2019-12-03,5262.65771484375
2019-12-04,5254.40283203125
2019-12-05,5233.7646484375
2019-12-06,5295.875
2019-12-09,5295.875
2019-12-10,5271.0302734375
2019-12-11,5283.45263671875
2019-12-12,5250.328125
2019-12-13,5266.8896484375
2019-12-16,5266.8896484375
2019-12-17,5382.828125
2019-12-18,5593.99951171875
2019-12-19,5465.640625
2019-12-20,5515.328125
2019-12-23,5515.328125
2019-12-26,5531.890625
2019-12-27,5544.3125
2019-12-30,5536.03076171875
2020-01-02,5540.17236328125
2020-01-03,5631.26611328125
2020-01-06,5577.4375
2020-01-07,5581.57763671875
2020-01-08,5531.890625
2020-01-09,5581.57763671875
2020-01-10,5569.15625
2020-01-13,5585.71923828125
2020-01-14,5689.234375
2020-01-15,5660.25
2020-01-16,5672.67236328125
2020-01-17,5693.3759765625
2020-01-20,5660.25
2020-01-21,5656.10986328125
2020-01-22,5664.3916015625
2020-01-23,5664.3916015625
2020-01-24,5639.54736328125
2020-01-27,5664.3916015625
2020-01-28,5622.98583984375
2020-01-29,5618.8447265625
2020-01-30,5581.57763671875
2020-01-31,5366.265625
2020-02-03,5333.13916015625
2020-02-04,5465.640625
2020-02-05,5573.296875
2020-02-06,5581.57763671875
2020-02-07,5598.1416015625
2020-02-10,5618.8447265625
2020-02-11,5614.703125
2020-02-12,5631.26611328125
2020-02-13,5622.98583984375
2020-02-14,5531.890625
2020-02-17,5565.015625
2020-02-18,5544.3125
2020-02-19,5544.3125
2020-02-20,5461.50048828125
2020-02-21,5478.06201171875
2020-02-24,5403.53173828125
2020-02-25,5407.67041015625
2020-02-26,5316.57763671875
2020-02-27,5208.9208984375
2020-02-28,5208.9208984375
2020-03-02,5035.01416015625
2020-03-03,5233.7646484375
2020-03-04,5333.13916015625
2020-03-05,5329.0
2020-03-06,5134.39013671875
2020-03-09,4790.716796875
2020-03-10,4906.65478515625
2020-03-11,4844.544921875
2020-03-12,4604.3876953125
2020-03-13,4604.3876953125
2020-03-16,4604.3876953125
2020-03-17,4240.01171875
2020-03-18,4140.63720703125
2020-03-19,3850.791748046875
2020-03-20,3921.183349609375
2020-03-23,3668.603515625
2020-03-24,3726.572998046875
2020-03-26,4372.51220703125
2020-03-27,4562.9814453125
2020-03-30,4550.56005859375
2020-03-31,4575.4033203125
2020-04-01,4538.13720703125
2020-04-02,4480.16845703125
2020-04-03,4550.56005859375
2020-04-06,4749.3115234375
2020-04-07,4683.06005859375
2020-04-08,4666.4970703125
2020-04-09,4633.37255859375
2020-04-13,4554.7001953125
2020-04-14,4567.12255859375
2020-04-15,4542.279296875
2020-04-16,4339.38671875
2020-04-17,4492.59033203125
2020-04-20,4434.6220703125
2020-04-21,4347.0078125
2020-04-22,4334.3701171875
2020-04-23,4313.31005859375
2020-04-24,4144.8212890625
2020-04-27,4178.51953125
2020-04-28,4069.001708984375
2020-04-29,4085.8505859375
2020-04-30,4355.431640625
2020-05-04,4397.55517578125
2020-05-05,4452.3134765625
2020-05-06,4511.2841796875
2020-05-08,4418.615234375
2020-05-11,4460.73828125
2020-05-12,4397.55517578125
2020-05-13,4304.8857421875
2020-05-14,4144.8212890625
2020-05-15,4031.091064453125
2020-05-18,4014.24365234375
2020-05-19,3942.635498046875
2020-05-20,4014.24365234375
2020-05-26,4186.943359375
2020-05-27,4182.732421875
2020-05-28,4460.73828125
2020-05-29,4372.28125
2020-06-02,4515.49658203125
2020-06-03,4869.322265625
2020-06-04,4877.748046875
2020-06-05,4822.98779296875
2020-06-08,4970.41650390625
2020-06-09,4890.3837890625
2020-06-10,4886.1708984375
2020-06-11,4785.0791015625
2020-06-12,4776.6533203125
2020-06-15,4633.43798828125
2020-06-16,4852.47412109375
2020-06-17,4818.7763671875
2020-06-18,4705.046875
2020-06-19,4696.6220703125
2020-06-22,4667.13671875
2020-06-23,4734.53173828125
2020-06-24,4806.13916015625
2020-06-25,4822.98779296875
2020-06-26,4755.5927734375
2020-06-29,4780.86572265625
2020-06-30,4797.7158203125
2020-07-01,4886.1708984375
2020-07-02,4945.1435546875
2020-07-03,4945.1435546875
2020-07-06,4999.90185546875
2020-07-07,5046.236328125
2020-07-08,5223.1494140625
2020-07-09,5138.90478515625
2020-07-10,5223.1494140625
2020-07-13,5202.08837890625
2020-07-14,5223.1494140625
2020-07-15,5181.02734375
2020-07-16,5206.30029296875
2020-07-17,5155.75341796875
2020-07-20,5172.6025390625
2020-07-21,5223.1494140625
2020-07-22,5206.30029296875
2020-07-23,5223.1494140625
2020-07-24,5138.90478515625
2020-07-27,5138.90478515625
2020-07-28,5210.51171875
2020-07-29,5168.39111328125
2020-07-30,5256.84619140625
2020-08-03,5164.177734375
2020-08-04,5231.57373046875
2020-08-05,5227.361328125
2020-08-06,5273.69580078125
2020-08-07,5206.30029296875
2020-08-10,5155.75341796875
2020-08-11,5202.08837890625
2020-08-12,5273.69580078125
2020-08-13,5307.39404296875
2020-08-14,5395.85009765625
2020-08-18,5357.93994140625
2020-08-19,5332.66552734375
2020-08-24,5320.0302734375
2020-08-25,5362.15185546875
2020-08-26,5341.09130859375
2020-08-27,5560.12646484375
2020-08-28,5471.66943359375
2020-08-31,5286.3330078125
2020-09-01,5492.72998046875
2020-09-02,5421.123046875
2020-09-03,5475.88232421875
2020-09-04,5374.7890625
2020-09-07,5294.7578125
2020-09-08,5336.87841796875
2020-09-09,5261.05908203125
2020-09-10,4894.59521484375
2020-09-11,4974.6279296875
2020-09-14,5096.78271484375
2020-09-15,4936.71826171875
2020-09-16,4844.0498046875
2020-09-17,4848.26123046875
2020-09-18,4742.95556640625
2020-09-21,4721.89501953125
2020-09-22,4591.31689453125
2020-09-23,4637.650390625
2020-09-24,4587.10400390625
2020-09-25,4726.10693359375
2020-09-28,4646.07568359375
2020-09-29,4637.650390625
2020-09-30,4566.04248046875
2020-10-01,4692.41015625
2020-10-02,4637.650390625
2020-10-05,4650.287109375
2020-10-06,4801.92724609375
2020-10-07,4848.26123046875
2020-10-08,4869.322265625
2020-10-09,4865.1103515625
2020-10-12,4932.505859375
2020-10-13,4932.505859375
2020-10-14,4970.41650390625
2020-10-15,4873.53515625
2020-10-16,4852.47412109375
2020-10-19,4970.41650390625
2020-10-20,4890.3837890625
2020-10-21,4869.322265625
2020-10-22,4886.1708984375
2020-10-23,4860.8984375
2020-10-26,4898.80908203125
2020-10-27,4877.748046875
2020-11-02,4903.02001953125
2020-11-03,4961.99169921875
2020-11-04,4903.02001953125
2020-11-05,5181.02734375
2020-11-06,5307.39404296875
2020-11-09,5294.7578125
2020-11-10,5459.033203125
2020-11-11,5509.580078125
2020-11-12,5408.48583984375
2020-11-13,5383.2138671875
2020-11-16,5459.033203125
2020-11-17,5518.00390625
2020-11-18,5534.85302734375
2020-11-19,5572.7626953125
2020-11-20,5560.12646484375
2020-11-23,5560.12646484375
2020-11-24,5530.64111328125
2020-11-25,5400.0625
2020-11-26,5459.033203125
2020-11-27,5379.00048828125
2020-11-30,5227.361328125
2020-12-01,5387.42578125
2020-12-02,5433.76025390625
2020-12-03,5442.18408203125
2020-12-04,5383.2138671875
2020-12-07,5492.72998046875
2020-12-08,5467.4580078125
2020-12-10,5555.84423828125
2020-12-11,5691.04345703125
2020-12-14,5762.8681640625
2020-12-15,5737.51806640625
2020-12-16,5872.71728515625
2020-12-17,5860.04248046875
2020-12-18,5745.96826171875
2020-12-21,5771.31787109375
2020-12-22,5674.1435546875
2020-12-23,5682.59326171875
2020-12-28,5729.068359375
2020-12-29,5716.3935546875
2020-12-30,5720.6171875
2021-01-04,5775.5439453125
2021-01-05,5991.0166015625
2021-01-06,5868.4921875
2021-01-07,5885.39208984375
2021-01-08,5957.216796875
2021-01-11,6206.49072265625
2021-01-12,6050.16650390625
2021-01-13,6016.3662109375
2021-01-14,5931.8671875
2021-01-15,5876.9423828125
2021-01-18,6016.3662109375
2021-01-19,5995.24169921875
2021-01-20,5995.24169921875
2021-01-21,5978.34130859375
2021-01-22,5982.56689453125
2021-01-25,5944.5419921875
2021-01-26,5762.8681640625
2021-01-27,5737.51806640625
2021-01-28,5830.4677734375
2021-01-29,5712.16845703125
2021-02-01,5762.8681640625
2021-02-02,5745.96826171875
2021-02-03,5767.09228515625
2021-02-04,5792.4423828125
2021-02-05,5843.1416015625
2021-02-08,5847.3681640625
2021-02-09,5898.068359375
2021-02-10,5847.3681640625
2021-02-11,5813.56787109375
2021-02-15,5745.96826171875
2021-02-16,5864.26708984375
2021-02-17,5830.4677734375
2021-02-18,5691.04345703125
2021-02-19,5767.09228515625
2021-02-22,5737.51806640625
2021-02-23,5767.09228515625
2021-02-24,5682.59326171875
2021-02-25,5665.693359375
2021-02-26,5669.9189453125
2021-03-01,5952.9921875
2021-03-02,5927.642578125
2021-03-03,5914.966796875
2021-03-04,5678.369140625
2021-03-05,5745.96826171875
2021-03-08,5678.369140625
2021-03-09,5581.193359375
2021-03-10,5665.693359375
2021-03-12,5716.3935546875
2021-03-15,5631.8935546875
2021-03-16,5598.09375
2021-03-17,5585.4189453125
2021-03-18,5665.693359375
2021-03-19,5712.16845703125
2021-03-22,5593.869140625
2021-03-23,5547.39453125
2021-03-24,5441.76953125
2021-03-25,5382.6201171875
2021-03-26,5420.64453125
2021-03-29,5374.17041015625
2021-03-30,5403.74462890625
2021-03-31,5251.64599609375
2021-04-01,5260.09619140625
2021-04-05,5200.94580078125
2021-04-06,5209.39599609375
2021-04-07,5281.220703125
2021-04-08,5256.7158203125
2021-04-09,5312.40966796875
2021-04-12,5196.73583984375
2021-04-13,5141.0419921875
2021-04-14,5402.3779296875
2021-04-15,5380.95703125
2021-04-16,5376.67333984375
2021-04-19,5372.388671875
2021-04-20,5342.3994140625
2021-04-21,5282.4208984375
2021-04-22,5325.26220703125
2021-04-23,5475.20947265625
2021-04-26,5385.2412109375
2021-04-27,5488.06201171875
2021-04-28,5415.22998046875
2021-04-29,5492.3466796875
2021-04-30,5488.06201171875
2021-05-03,5475.20947265625
2021-05-04,5483.77685546875
2021-05-05,5505.1982421875
2021-05-06,5505.1982421875
2021-05-07,5483.77685546875
2021-05-10,5500.9150390625
2021-05-11,5552.3251953125
2021-05-17,5569.4619140625
2021-05-18,5475.20947265625
2021-05-19,5436.6513671875
2021-05-20,5466.64111328125
2021-05-21,5449.50439453125
2021-05-24,5419.51416015625
2021-05-25,5445.2197265625
2021-05-27,5372.388671875
2021-05-28,5432.36767578125
2021-05-31,5462.3564453125
2021-06-02,5539.47119140625
2021-06-03,5655.14501953125
2021-06-04,5638.00927734375
2021-06-07,5595.1669921875
2021-06-08,5509.4833984375
2021-06-09,5595.1669921875
2021-06-10,5672.28271484375
2021-06-11,5543.75634765625
2021-06-14,5492.3466796875
2021-06-15,5543.75634765625
2021-06-16,5470.92529296875
2021-06-17,5423.798828125
2021-06-18,5419.51416015625
2021-06-21,5355.25146484375
2021-06-22,5432.36767578125
2021-06-23,5338.115234375
2021-06-24,5320.97802734375
2021-06-25,5303.841796875
2021-06-28,5188.16796875
2021-06-29,5179.5986328125
2021-06-30,5162.46337890625
2021-07-01,5162.46337890625
2021-07-02,5226.7255859375
2021-07-05,5235.2939453125
2021-07-06,5188.16796875
2021-07-07,5196.73583984375
2021-07-08,5153.89453125
2021-07-09,5158.1787109375
2021-07-12,5286.70458984375
2021-07-13,5179.5986328125
2021-07-14,5132.47314453125
2021-07-15,5239.57763671875
2021-07-16,5235.2939453125
2021-07-19,5145.32666015625
2021-07-21,5149.60986328125
2021-07-22,5273.8515625
2021-07-23,5171.03076171875
2021-07-26,5145.32666015625
2021-07-27,5145.32666015625
2021-07-28,5123.904296875
2021-07-29,5175.31494140625
2021-07-30,5115.33642578125
2021-08-02,5106.767578125
2021-08-03,5265.283203125
2021-08-04,5243.861328125
2021-08-05,5398.09326171875
2021-08-06,5278.13623046875
2021-08-09,5312.40966796875
2021-08-10,5398.09326171875
2021-08-12,5398.09326171875
2021-08-13,5492.3466796875
2021-08-16,5500.9150390625
2021-08-18,5655.14501953125
2021-08-19,5655.14501953125
2021-08-20,5655.14501953125
2021-08-23,5646.5771484375
2021-08-24,5655.14501953125
2021-08-25,5655.14501953125
2021-08-26,5620.8720703125
2021-08-27,5578.0302734375
2021-08-30,5625.15673828125
2021-08-31,5612.3037109375
2021-09-01,5625.15673828125
2021-09-02,5603.73583984375
2021-09-03,5655.14501953125
2021-09-06,5633.724609375
2021-09-07,5629.43994140625
2021-09-08,5518.05126953125
2021-09-09,5629.43994140625
2021-09-10,5586.59814453125
2021-09-13,5616.5888671875
2021-09-14,5608.02001953125
2021-09-15,5565.177734375
2021-09-16,5569.4619140625
2021-09-17,5586.59814453125
2021-09-20,5642.29345703125
2021-09-21,5560.89306640625
2021-09-22,5616.5888671875
2021-09-23,5638.00927734375
2021-09-24,5642.29345703125
2021-09-27,5638.00927734375
2021-09-28,5586.59814453125
2021-09-29,5638.00927734375
2021-09-30,5997.8818359375
2021-10-01,5792.240234375
2021-10-04,5963.6083984375
2021-10-05,5950.7548828125
2021-10-06,6152.11376953125
2021-10-07,6134.97607421875
2021-10-08,6246.36572265625
2021-10-11,6216.37548828125
2021-10-12,6272.0703125
2021-10-13,6447.72265625
2021-10-14,6640.51220703125
2021-10-15,6554.82763671875
2021-10-18,6447.72265625
2021-10-19,6426.3017578125
2021-10-21,6340.61865234375
2021-10-22,6447.72265625
2021-10-25,6447.72265625
2021-10-26,6447.72265625
2021-10-27,6383.458984375
2021-10-28,6319.197265625
2021-10-29,6404.88037109375
2021-11-01,6340.61865234375
2021-11-02,6254.93408203125
2021-11-03,6297.7763671875
2021-11-04,6319.197265625
2021-11-05,6383.458984375
2021-11-08,6490.56494140625
2021-11-09,6576.2490234375
2021-11-10,6554.82763671875
2021-11-11,6576.2490234375
2021-11-12,6447.72265625
2021-11-15,6426.3017578125
2021-11-16,6404.88037109375
2021-11-17,6512.3447265625
2021-11-18,6361.8955078125
2021-11-19,6383.38818359375
2021-11-22,6426.37353515625
2021-11-23,6426.37353515625
2021-11-24,6426.37353515625
2021-11-25,6383.38818359375
2021-11-26,6254.4306640625
2021-11-29,6361.8955078125
2021-11-30,6254.4306640625
2021-12-01,6275.923828125
2021-12-02,6447.86669921875
2021-12-03,6340.40185546875
2021-12-06,6318.90966796875
2021-12-07,6318.90966796875
2021-12-08,6383.38818359375
2021-12-09,6318.90966796875
2021-12-10,6340.40185546875
2021-12-13,6275.923828125
2021-12-14,6275.923828125
2021-12-15,6275.923828125
2021-12-16,6254.4306640625
2021-12-17,6447.86669921875
2021-12-20,6340.40185546875
2021-12-21,6340.40185546875
2021-12-22,6297.4169921875
2021-12-23,6275.923828125
2021-12-24,6275.923828125
2021-12-27,6318.90966796875
2021-12-28,6318.90966796875
2021-12-29,6275.923828125
2021-12-30,6275.923828125
2022-01-03,6297.4169921875
2022-01-04,6361.8955078125
2022-01-05,6404.88037109375
2022-01-06,6426.37353515625
2022-01-07,6576.82373046875
2022-01-10,6533.83837890625
2022-01-11,6619.8095703125
2022-01-12,6619.8095703125
2022-01-13,6619.8095703125
2022-01-14,6748.767578125
2022-01-17,6662.79541015625
2022-01-18,6598.3173828125
2022-01-19,6598.3173828125
2022-01-20,6684.28759765625
2022-01-21,6834.73876953125
2022-01-24,6705.78125
2022-01-25,6684.28759765625
2022-01-26,6619.8095703125
2022-01-27,6705.78125
2022-01-28,6684.28759765625
2022-01-31,6555.33154296875
2022-02-02,6705.78125
2022-02-03,6641.30322265625
2022-02-04,6641.30322265625
2022-02-07,6705.78125
2022-02-08,6641.30322265625
2022-02-09,6834.73876953125
2022-02-10,6662.79541015625
2022-02-11,6727.2744140625
2022-02-14,6619.8095703125
2022-02-15,6770.26025390625
2022-02-16,6856.2314453125
2022-02-17,6791.75341796875
2022-02-18,6813.24609375
2022-02-21,6834.73876953125
2022-02-22,6791.75341796875
2022-02-23,6920.7099609375
2022-02-24,6877.7236328125
2022-02-25,6920.7099609375
2022-03-01,6920.7099609375
2022-03-02,6856.2314453125
2022-03-04,6791.75341796875
2022-03-07,6619.8095703125
2022-03-08,6576.82373046875
2022-03-09,6748.767578125
2022-03-10,6813.24609375
2022-03-11,6834.73876953125
2022-03-14,6942.20361328125
2022-03-15,7006.681640625
2022-03-16,7049.66748046875
2022-03-17,6877.7236328125
2022-03-18,6791.75341796875
2022-03-21,6791.75341796875
2022-03-22,6813.24609375
2022-03-23,6791.75341796875
2022-03-24,6813.24609375
2022-03-25,6834.73876953125
2022-03-28,6895.84130859375
2022-03-29,6852.19677734375
2022-03-30,6874.0185546875
2022-03-31,6961.30810546875
2022-04-01,6917.6630859375
2022-04-04,6895.84130859375
2022-04-05,6895.84130859375
2022-04-06,6764.9072265625
2022-04-07,6764.9072265625
2022-04-08,6852.19677734375
2022-04-11,6743.0849609375
2022-04-12,6808.5517578125
2022-04-13,6808.5517578125
2022-04-14,6721.2626953125
2022-04-18,6721.2626953125
2022-04-19,6655.7958984375
2022-04-20,6677.61865234375
2022-04-21,6917.6630859375
2022-04-22,6874.0185546875
2022-04-25,6983.1298828125
2022-04-26,7092.2421875
2022-04-27,7157.70849609375
2022-04-28,7092.2421875
2022-05-09,6633.9736328125
2022-05-10,6568.50634765625
2022-05-11,6677.61865234375
2022-05-12,6350.28369140625
2022-05-13,6393.9287109375
2022-05-17,6459.3955078125
2022-05-18,6612.1513671875
2022-05-19,6503.03955078125
2022-05-20,6459.3955078125
2022-05-23,6437.57275390625
2022-05-24,6415.75048828125
2022-05-25,6437.57275390625
2022-05-27,6612.1513671875
2022-05-30,6612.1513671875
2022-05-31,6764.9072265625
2022-06-02,6612.1513671875
2022-06-03,6633.9736328125
2022-06-06,6503.03955078125
2022-06-07,6437.57275390625
2022-06-08,6633.9736328125
2022-06-09,6546.6845703125
2022-06-10,6415.75048828125
2022-06-13,6415.75048828125
2022-06-14,6459.3955078125
2022-06-15,6393.9287109375
2022-06-16,6612.1513671875
2022-06-17,6546.6845703125
2022-06-20,6655.7958984375
2022-06-21,6677.61865234375
2022-06-22,6546.6845703125
2022-06-23,6568.50634765625
2022-06-24,6524.86279296875
2022-06-27,6415.75048828125
2022-06-28,6372.10693359375
2022-06-29,6350.28369140625
2022-06-30,6328.4619140625
2022-07-01,6328.4619140625
2022-07-04,6153.8837890625
2022-07-05,6328.4619140625
2022-07-06,6372.10693359375
2022-07-07,6197.52783203125
2022-07-08,6241.1728515625
2022-07-11,6219.3505859375
2022-07-12,6262.99365234375
2022-07-13,6110.23876953125
2022-07-14,6132.06103515625
2022-07-15,6110.23876953125
2022-07-18,6241.1728515625
2022-07-19,6262.99365234375
2022-07-20,6459.3955078125
2022-07-21,6459.3955078125
2022-07-22,6393.9287109375
2022-07-25,6372.10693359375
2022-07-26,6372.10693359375
2022-07-27,6393.9287109375
2022-07-28,6415.75048828125
2022-07-29,6415.75048828125
2022-08-01,6546.6845703125
2022-08-02,6633.9736328125
2022-08-03,6655.7958984375
2022-08-04,6808.5517578125
2022-08-05,6874.0185546875
2022-08-08,6874.0185546875
2022-08-09,6895.84130859375
2022-08-10,6895.84130859375
2022-08-11,6939.48583984375
2022-08-12,6917.6630859375
2022-08-15,6939.48583984375
2022-08-16,6961.30810546875
2022-08-18,6983.1298828125
2022-08-19,6895.84130859375
2022-08-22,6983.1298828125
2022-08-23,6895.84130859375
2022-08-24,6939.48583984375
2022-08-25,7048.59716796875
2022-08-26,6983.1298828125
2022-08-29,7114.06396484375
2022-08-30,7135.88623046875
2022-08-31,7157.70849609375
2022-09-01,7114.06396484375
2022-09-02,7179.53076171875
2022-09-05,7223.1748046875
2022-09-06,7223.1748046875
2022-09-07,7310.46484375
2022-09-08,7288.64208984375
2022-09-09,7310.46484375
2022-09-12,7310.46484375
2022-09-13,7441.3984375
2022-09-14,7419.576171875
2022-09-15,7637.79931640625
2022-09-16,7375.93017578125
2022-09-19,7550.51025390625
2022-09-20,7463.220703125
2022-09-21,7397.75390625
2022-09-22,7397.75390625
2022-09-23,7310.46484375
2022-09-26,7354.1083984375
2022-09-27,7244.998046875
2022-09-28,7266.81982421875
2022-09-29,7310.46484375
2022-09-30,7463.220703125
2022-10-03,7419.576171875
2022-10-04,7463.220703125
2022-10-05,7375.93017578125
2022-10-06,7354.1083984375
2022-10-07,7157.70849609375
2022-10-10,7244.998046875
2022-10-11,7201.35302734375
2022-10-12,7266.81982421875
2022-10-13,7223.1748046875
2022-10-14,7201.35302734375
2022-10-17,7201.35302734375
2022-10-18,7244.998046875
2022-10-19,7223.1748046875
2022-10-20,7419.576171875
2022-10-21,7550.51025390625
2022-10-24,7768.7333984375
2022-10-25,7594.154296875
2022-10-26,7463.220703125
2022-10-27,7594.154296875
2022-10-28,7637.79931640625
2022-10-31,7681.44384765625
2022-11-01,7681.44384765625
2022-11-02,7637.79931640625
2022-11-03,7681.44384765625
2022-11-04,7659.62109375
2022-11-07,7725.08740234375
2022-11-08,7637.79931640625
2022-11-09,7746.9111328125
2022-11-10,7681.44384765625
2022-11-11,7725.08740234375
2022-11-14,7637.79931640625
2022-11-15,7681.44384765625
2022-11-16,7506.865234375
2022-11-17,7615.97705078125
2022-11-18,7703.26611328125
2022-11-21,7615.97705078125
2022-11-22,7768.7333984375
2022-11-23,7746.9111328125
2022-11-24,7856.02197265625
2022-11-25,7834.2001953125
2022-11-28,7877.84423828125
2022-11-29,7834.2001953125
2022-11-30,8117.88720703125
2022-12-01,7856.02197265625
2022-12-02,7799.06298828125
2022-12-05,7689.52490234375
2022-12-06,7601.89453125
2022-12-07,7404.72705078125
2022-12-08,7448.54296875
2022-12-09,7514.26611328125
2022-12-12,7623.802734375
2022-12-13,7623.802734375
2022-12-14,7558.080078125
2022-12-15,7448.54296875
2022-12-16,7536.17333984375
2022-12-19,7579.98779296875
2022-12-20,7514.26611328125
2022-12-21,7601.89453125
2022-12-22,7514.26611328125
2022-12-23,7448.54296875
2022-12-26,7514.26611328125
2022-12-27,7536.17333984375
2022-12-28,7579.98779296875
2022-12-29,7514.26611328125
2022-12-30,7492.35791015625
2023-01-02,7492.35791015625
2023-01-03,7492.35791015625
2023-01-04,7317.09814453125
2023-01-05,7229.46826171875
2023-01-06,7273.283203125
2023-01-09,7404.72705078125
2023-01-10,7163.7451171875
2023-01-11,7119.9306640625
2023-01-12,7163.7451171875
2023-01-13,7054.20849609375
2023-01-16,7141.837890625
2023-01-17,7295.18994140625
2023-01-18,7273.283203125
2023-01-19,7295.18994140625
2023-01-20,7273.283203125
2023-01-24,7207.56005859375
2023-01-25,7185.65283203125
2023-01-26,7426.63525390625
2023-01-27,7623.802734375
2023-01-30,7623.802734375
2023-01-31,7426.63525390625
2023-02-01,7448.54296875
2023-02-02,7404.72705078125
2023-02-03,7623.802734375
2023-02-06,7645.71044921875
2023-02-07,7755.2470703125
2023-02-08,7733.34033203125
2023-02-09,7799.06298828125
2023-02-10,7733.34033203125
2023-02-13,7777.15576171875
2023-02-14,7842.876953125
2023-02-15,7777.15576171875
2023-02-16,7623.802734375
2023-02-17,7645.71044921875
2023-02-20,7667.6181640625
2023-02-21,7623.802734375
2023-02-22,7601.89453125
2023-02-23,7645.71044921875
2023-02-24,7601.89453125
2023-02-27,7689.52490234375
2023-02-28,7667.6181640625
2023-03-01,7536.17333984375
2023-03-02,7558.080078125
2023-03-03,7426.63525390625
2023-03-06,7360.91357421875
2023-03-07,7382.81982421875
2023-03-08,7514.26611328125
2023-03-09,7514.26611328125
2023-03-10,7404.72705078125
2023-03-13,7492.35791015625
2023-03-14,7295.18994140625
2023-03-15,7295.18994140625
2023-03-16,7273.283203125
2023-03-17,7339.0048828125
2023-03-20,7360.91357421875
2023-03-21,7448.54296875
2023-03-24,7733.34033203125
2023-03-27,7623.802734375
2023-03-28,7601.89453125
2023-03-29,7865.5703125
2023-03-30,7887.91552734375
2023-03-31,7820.87939453125
2023-04-03,7865.5703125
2023-04-04,7843.224609375
2023-04-05,7798.5341796875
2023-04-06,7820.87939453125
2023-04-10,7865.5703125
2023-04-11,7887.91552734375
2023-04-12,7954.951171875
2023-04-13,7977.2978515625
2023-04-14,8044.3330078125
2023-04-17,8066.6787109375
2023-04-18,8156.06005859375
2023-04-26,8223.095703125
2023-04-27,8178.40478515625
2023-04-28,8089.02392578125
2023-05-02,8089.02392578125
2023-05-03,7977.2978515625
2023-05-04,8044.3330078125
2023-05-05,8044.3330078125
2023-05-08,8044.3330078125
2023-05-09,7977.2978515625
2023-05-10,7977.2978515625
2023-05-11,7887.91552734375
2023-05-12,7865.5703125
2023-05-15,7843.224609375
2023-05-16,7776.18798828125
2023-05-17,7843.224609375
2023-05-19,8044.3330078125
2023-05-22,8044.3330078125
2023-05-23,8156.06005859375
2023-05-24,8066.6787109375
2023-05-25,8089.02392578125
2023-05-26,8178.40478515625
2023-05-29,8178.40478515625
2023-05-30,8267.7861328125
2023-05-31,8089.02392578125
2023-06-05,8223.095703125
2023-06-06,8178.40478515625
2023-06-07,8133.71435546875
2023-06-08,8156.06005859375
2023-06-09,8133.71435546875
2023-06-12,8178.40478515625
2023-06-13,8178.40478515625
2023-06-14,8111.36865234375
2023-06-15,8089.02392578125
2023-06-16,8089.02392578125
2023-06-19,8044.3330078125
2023-06-20,8089.02392578125
2023-06-21,8156.06005859375
2023-06-22,8089.02392578125
2023-06-23,8089.02392578125
2023-06-26,8111.36865234375
2023-06-27,8178.40478515625
2023-07-03,8111.36865234375
2023-07-04,8089.02392578125
2023-07-05,8089.02392578125
2023-07-06,8111.36865234375
2023-07-07,8066.6787109375
2023-07-10,8089.02392578125
2023-07-11,8066.6787109375
2023-07-12,8200.7509765625
2023-07-13,8156.06005859375
2023-07-14,8223.095703125
2023-07-17,8200.7509765625
2023-07-18,8178.40478515625
2023-07-20,8178.40478515625
2023-07-21,8178.40478515625
2023-07-24,8133.71435546875
2023-07-25,8178.40478515625
2023-07-26,8357.16796875
2023-07-27,8245.4404296875
2023-07-28,8156.06005859375
2023-07-31,8156.06005859375
2023-08-01,8156.06005859375
2023-08-02,8223.095703125
2023-08-03,8267.7861328125
2023-08-04,8178.40478515625
2023-08-07,8290.1328125
2023-08-08,8223.095703125
2023-08-09,8401.8583984375
2023-08-10,8401.8583984375
2023-08-11,8401.8583984375
2023-08-14,8357.16796875
2023-08-15,8312.4765625
2023-08-16,8312.4765625
2023-08-18,8267.7861328125
2023-08-21,8200.7509765625
2023-08-22,8312.4765625
2023-08-23,8312.4765625
2023-08-24,8223.095703125
2023-08-25,8290.1328125
2023-08-28,8223.095703125
2023-08-29,8267.7861328125
2023-08-30,8223.095703125
2023-08-31,8200.7509765625
2023-09-01,8245.4404296875
2023-09-04,8245.4404296875
2023-09-05,8245.4404296875
2023-09-06,8178.40478515625
2023-09-07,8200.7509765625
2023-09-08,8156.06005859375
2023-09-11,8156.06005859375
2023-09-12,8133.71435546875
2023-09-13,8111.36865234375
2023-09-14,8133.71435546875
2023-09-15,8044.3330078125
2023-09-18,8044.3330078125
2023-09-19,8111.36865234375
2023-09-20,8178.40478515625
2023-09-21,8156.06005859375
2023-09-22,8111.36865234375
2023-09-25,8044.3330078125
2023-09-26,7999.6416015625
2023-09-27,7932.60595703125
2023-09-29,7887.91552734375
2023-10-02,8111.36865234375
2023-10-03,8223.095703125
2023-10-04,8223.095703125
2023-10-05,8111.36865234375
2023-10-06,8066.6787109375
2023-10-09,8089.02392578125
2023-10-10,7977.2978515625
2023-10-11,7977.2978515625
2023-10-12,8089.02392578125
2023-10-13,8111.36865234375
2023-10-16,8133.71435546875
2023-10-17,7999.6416015625
2023-10-18,7910.2607421875
2023-10-19,7820.87939453125
2023-10-20,8021.9892578125
2023-10-23,7910.2607421875
2023-10-24,7843.224609375
2023-10-25,7932.60595703125
2023-10-26,7798.5341796875
2023-10-27,7776.18798828125
2023-10-30,7910.2607421875
2023-10-31,7820.87939453125
2023-11-01,7686.80712890625
2023-11-02,7910.2607421875
2023-11-03,7954.951171875
2023-11-06,8089.02392578125
2023-11-07,8021.9892578125
2023-11-08,8044.3330078125
2023-11-09,8044.3330078125
2023-11-10,7887.91552734375
2023-11-13,7932.60595703125
2023-11-14,7977.2978515625
2023-11-15,8089.02392578125
2023-11-16,8111.36865234375
2023-11-17,8111.36865234375
2023-11-20,7932.60595703125
2023-11-21,7843.224609375
2023-11-22,7932.60595703125
2023-11-23,7977.2978515625
2023-11-24,7977.2978515625
2023-11-27,7932.60595703125
2023-11-28,7932.60595703125
2023-11-29,7954.951171875
2023-11-30,8021.9892578125
2023-12-01,7999.6416015625
2023-12-04,8015.3583984375
2023-12-05,7992.9052734375
2023-12-06,7903.0986328125
2023-12-07,7925.55078125
2023-12-08,7858.19384765625
2023-12-11,7858.19384765625
2023-12-12,7813.2900390625
2023-12-13,7790.837890625
2023-12-14,8127.61865234375
2023-12-15,8284.7822265625
2023-12-18,8262.3291015625
2023-12-19,8307.2333984375
2023-12-20,8352.138671875
2023-12-21,8374.5888671875
2023-12-22,8374.5888671875
2023-12-27,8419.4931640625
2023-12-28,8441.9462890625
2023-12-29,8441.9462890625
2024-01-02,8464.3984375
2024-01-03,8397.0419921875
2024-01-04,8509.302734375
2024-01-05,8599.109375
2024-01-08,8599.109375
2024-01-09,8644.013671875
2024-01-10,8576.6572265625
2024-01-11,8599.109375
2024-01-12,8711.3701171875
2024-01-15,8733.8212890625
2024-01-16,8711.3701171875
2024-01-17,8756.2734375
2024-01-18,8688.9169921875
2024-01-19,8644.013671875
2024-01-22,8644.013671875
2024-01-23,8621.5625
2024-01-24,8554.2060546875
2024-01-25,8531.7529296875
2024-01-26,8397.0419921875
2024-01-29,8576.6572265625
2024-01-30,8666.466796875
2024-01-31,8576.6572265625
2024-02-01,8711.3701171875
2024-02-02,8711.3701171875
2024-02-05,8599.109375
2024-02-06,8644.013671875
2024-02-07,8711.3701171875
2024-02-12,8801.1767578125
2024-02-13,8733.8212890625
2024-02-15,8846.08203125
2024-02-16,8935.8896484375
2024-02-19,8868.5341796875
2024-02-20,9003.2451171875
2024-02-21,8958.341796875
2024-02-22,8868.5341796875
2024-02-23,8823.6298828125
2024-02-26,8801.1767578125
2024-02-27,8868.5341796875
2024-02-28,8980.7939453125
2024-02-29,8868.5341796875
2024-03-01,8823.6298828125
2024-03-04,8756.2734375
2024-03-05,8801.1767578125
2024-03-06,8935.8896484375
2024-03-07,9093.0537109375
2024-03-08,9115.5048828125
2024-03-13,8980.7939453125
2024-03-14,9272.669921875
2024-03-15,9115.5048828125
2024-03-18,9115.5048828125
2024-03-19,9137.95703125
2024-03-20,9093.0537109375
2024-03-21,9093.0537109375
2024-03-22,9070.6025390625
2024-03-25,9256.6533203125
2024-03-26,9233.6845703125
2024-03-27,9256.6533203125
2024-03-28,9256.6533203125
2024-04-01,9049.9296875
2024-04-02,9095.8681640625
2024-04-03,8751.328125
2024-04-04,9049.9296875
2024-04-05,9026.9609375
2024-04-16,8705.3896484375
2024-04-17,8751.328125
2024-04-18,8705.3896484375
2024-04-19,8705.3896484375
2024-04-22,8590.5419921875
2024-04-23,8935.08203125
2024-04-24,9141.806640625
2024-04-25,8981.021484375
2024-04-26,8843.205078125
2024-04-29,9003.990234375
2024-04-30,9003.990234375
2024-05-02,8774.2958984375
2024-05-03,9049.9296875
2024-05-06,9003.990234375
2024-05-07,8912.11328125
2024-05-08,8613.51171875
2024-05-13,8751.328125
2024-05-14,8774.2958984375
2024-05-15,8728.3583984375
2024-05-16,8820.236328125
2024-05-17,8958.052734375
2024-05-20,8705.3896484375
2024-05-21,8613.51171875
2024-05-22,8659.451171875
2024-05-27,8544.603515625
2024-05-28,8544.603515625
2024-05-29,8406.787109375
2024-05-30,8268.970703125
2024-05-31,8498.6650390625
2024-06-03,8521.634765625
2024-06-04,8590.5419921875
2024-06-05,8682.419921875
2024-06-06,8705.3896484375
2024-06-07,8567.572265625
2024-06-10,8751.328125
2024-06-11,8544.603515625
2024-06-12,8498.6650390625
2024-06-13,8452.7255859375
2024-06-14,8452.7255859375
2024-06-19,8314.9111328125
2024-06-20,8659.451171875
2024-06-21,8820.236328125
2024-06-24,8820.236328125
2024-06-25,8820.236328125
2024-06-26,8728.3583984375
2024-06-27,8958.052734375
2024-06-28,9118.8369140625
2024-07-01,9072.8994140625
2024-07-02,9095.8681640625
2024-07-03,9187.74609375
2024-07-04,9026.9609375
2024-07-05,9141.806640625
2024-07-08,9233.6845703125
2024-07-09,9256.6533203125
2024-07-10,9279.6240234375
2024-07-11,9256.6533203125
2024-07-12,9256.6533203125
2024-07-15,9233.6845703125
2024-07-16,9141.806640625
2024-07-17,9003.990234375
2024-07-18,9279.6240234375
2024-07-19,9302.5927734375
2024-07-22,9279.6240234375
2024-07-23,9348.53125
2024-07-24,9256.6533203125
2024-07-25,9463.3779296875
2024-07-26,9486.34765625
2024-07-29,9417.439453125
2024-07-30,9348.53125
2024-07-31,9440.4091796875
2024-08-01,9532.2861328125
2024-08-02,9371.5009765625
2024-08-05,9072.8994140625
2024-08-06,9187.74609375
2024-08-07,9279.6240234375
2024-08-08,9394.4697265625
2024-08-09,9325.560546875
2024-08-12,9371.5009765625
2024-08-13,9463.3779296875
2024-08-14,9371.5009765625
2024-08-15,9394.4697265625
2024-08-16,9486.34765625
2024-08-19,9532.2861328125
2024-08-20,9578.224609375
2024-08-21,9578.224609375
2024-08-22,9486.34765625
2024-08-23,9486.34765625
2024-08-26,9486.34765625
2024-08-27,9371.5009765625
2024-08-28,9509.3173828125
2024-08-29,9394.4697265625
2024-08-30,9486.34765625
2024-09-02,9440.4091796875
2024-09-03,9348.53125
2024-09-04,9463.3779296875
2024-09-05,9417.439453125
2024-09-06,9463.3779296875
2024-09-09,9440.4091796875
2024-09-10,9509.3173828125
2024-09-11,9578.224609375
2024-09-12,9624.1640625
2024-09-13,9578.224609375
2024-09-17,9647.1328125
2024-09-18,9761.9794921875
2024-09-19,10014.6435546875
2024-09-20,9899.7958984375
2024-09-23,10060.5830078125
2024-09-24,9922.765625
2024-09-25,9968.703125
2024-09-26,9830.888671875
2024-09-27,9784.94921875
2024-09-30,9486.34765625
2024-10-01,9693.0712890625
2024-10-02,9647.1328125
2024-10-03,9601.1943359375
2024-10-04,9624.1640625
2024-10-07,9463.3779296875
2024-10-08,9555.2548828125
2024-10-09,9578.224609375
2024-10-10,9647.1328125
2024-10-11,9532.2861328125
2024-10-14,9647.1328125
2024-10-15,9761.9794921875
2024-10-16,9624.1640625
2024-10-17,9853.857421875
2024-10-18,9876.826171875
2024-10-21,9807.9189453125
2024-10-22,9647.1328125
2024-10-23,9784.94921875
2024-10-24,9830.888671875
2024-10-25,9876.826171875
2024-10-28,9739.0107421875
2024-10-29,9647.1328125
2024-10-30,9509.3173828125
2024-10-31,9417.439453125
2024-11-01,9578.224609375
2024-11-04,9532.2861328125
2024-11-05,9647.1328125
2024-11-06,9601.1943359375
2024-11-07,9348.53125
2024-11-08,9256.6533203125
2024-11-11,9233.6845703125
