Tanggal,Harga_Aktual,Prediksi_Prophet,Batas_Bawah_Pasti,Batas_Atas_Pasti
2024-11-12,9325.560546875,9752.59075712752,9443.63877475483,10061.880598961809
2024-11-13,9325.560546875,9757.324272565009,9457.487909195495,10070.186263439855
2024-11-14,9279.6240234375,9767.720143554532,9453.209346945687,10080.403065670806
2024-11-15,9348.53125,9770.665946664356,9471.381882006071,10106.04085962885
2024-11-18,9187.74609375,9777.379132299116,9472.435068756886,10111.98549424492
2024-11-19,9118.8369140625,9783.014236499606,9464.526462787306,10123.343892623445
2024-11-20,9256.6533203125,9786.542889575707,9456.065562244848,10089.324122107293
2024-11-21,9095.0673828125,9795.765364526593,9471.872398690928,10083.100257839591
2024-11-22,9095.0673828125,9797.570677157006,9483.680447505116,10102.583703825658
2024-11-25,9395.158203125,9801.072465908685,9465.617917090138,10120.830466322765
2024-11-26,9233.5703125,9805.713930991382,9497.568623889256,10116.355621280554
2024-11-28,9233.5703125,9816.618135148852,9504.069587685754,10123.517225668926
2024-11-29,9233.5703125,9817.584964425307,9526.241013479139,10125.752733663041
2024-12-02,9002.73046875,9819.048675716878,9490.253437903702,10118.249768289692
2024-12-03,9418.2412109375,9823.221994883574,9483.46083060088,10156.275365181316
2024-12-04,9418.2412109375,9825.470551758639,9500.416845634645,10138.858093413008
2024-12-05,9464.41015625,9833.62226495605,9503.957448006018,10134.924861192407
2024-12-06,9302.822265625,9834.596871717495,9504.052235125044,10147.042923996281
2024-12-09,9556.744140625,9837.388700609476,9522.391845668499,10135.587505232988
2024-12-10,9556.744140625,9842.507325651772,9543.608417471309,10114.348096566611
2024-12-11,9625.99609375,9845.980176462803,9508.777370318969,10169.86179891815
2024-12-12,9395.158203125,9855.646205520257,9530.406338377119,10160.637910356252
2024-12-13,9279.73828125,9858.431259657098,9541.597995538843,10188.752330655589
2024-12-16,9325.90625,9868.403221470959,9587.167412078723,10201.223258169563
2024-12-17,9141.234375,9876.455264917005,9549.23831872289,10202.548523699432
2024-12-18,9048.8984375,9883.092175265268,9562.75200536814,10204.254548868274
2024-12-19,8933.4794921875,9896.118366760515,9583.754216362677,10211.417389385944
2024-12-20,8910.3955078125,9902.418174027192,9562.040970929442,10227.518510277969
2024-12-23,9025.8154296875,9923.35453786483,9600.440181540416,10244.22502402656
2024-12-24,9002.73046875,9935.007672002928,9618.310528057402,10268.586892514631
2024-12-27,9048.8984375,9970.72125805528,9662.089454621597,10303.159877832672
2024-12-30,8933.4794921875,9998.51653792816,9676.725518466325,10314.084485180441
2025-01-02,9141.234375,10039.165292871437,9724.110682838547,10360.434171941597
2025-01-03,9095.0673828125,10048.245716339034,9691.808014661103,10355.170449868368
2025-01-06,8933.4794921875,10072.022283118837,9746.625990975266,10398.47680160479
2025-01-07,8794.9755859375,10082.684610601393,9751.569714649455,10391.261392474891
2025-01-08,8933.4794921875,10090.828570875476,9784.825729598793,10436.899658471208
2025-01-09,9095.0673828125,10104.223278438923,9782.286616272811,10429.57598050797
2025-01-10,8979.646484375,10109.739627342582,9775.741504861786,10421.176553914356
2025-01-13,8933.4794921875,10121.62556642712,9791.65888298535,10447.725594153497
2025-01-14,8794.9755859375,10128.215478024977,9795.063123387665,10451.678289015701
2025-01-15,9048.8984375,10132.38436820032,9800.739398705291,10444.667922945708
2025-01-16,9002.73046875,10141.9915556453,9798.640222189397,10462.710389216561
2025-01-17,9141.234375,10143.994281723499,9803.393017064342,10483.637152812926
2025-01-20,8887.3115234375,10147.740523623826,9814.424448028698,10468.342631083538
2025-01-21,8841.1435546875,10152.620302670475,9810.665247756482,10488.948055644702
2025-01-22,8864.2275390625,10155.650694232649,9846.467473981224,10468.857288772057
2025-01-23,8864.2275390625,10164.71130381284,9853.123002115984,10475.652696939484
2025-01-24,8633.3876953125,10166.7637898671,9840.362997583423,10524.791615318667
2025-01-30,8448.716796875,10198.524351292745,9868.177791189572,10542.195249442922
2025-01-31,8725.724609375,10203.60234241739,9871.650752095975,10532.86072104684
2025-02-03,8633.3876953125,10220.073884288311,9889.457682640676,10567.05844110525
2025-02-04,8471.7998046875,10229.843871400768,9920.392411441324,10559.537428979273
2025-02-05,8425.6328125,10237.794172716627,9904.505313205493,10564.502816078322
2025-02-06,8264.044921875,10251.615253290294,9919.216446757124,10607.283431650983
2025-02-07,8633.3876953125,10258.07783412079,9931.480328379832,10597.449057695463
2025-02-10,8448.716796875,10274.644383092114,9968.216091692093,10621.997389337264
2025-02-11,8379.4658203125,10282.911255795152,9915.93040363532,10614.405136122597
2025-02-12,8448.716796875,10288.543238707965,9950.804268587832,10640.344714926872
2025-02-13,8310.2138671875,10299.230235858957,9941.699175886979,10650.333937342117
2025-02-14,8287.12890625,10301.761800238728,9951.220747056595,10661.867855959603
2025-02-17,8610.3037109375,10302.225567348842,9950.764464347898,10654.239541467487
2025-02-18,8587.2197265625,10303.933154151093,9944.580744618399,10623.978585851391
2025-02-19,8264.044921875,10302.570693519787,9969.639618005422,10648.845825158816
2025-02-20,8310.2138671875,10305.94300071588,9983.44926135844,10663.44883679822
2025-02-21,8310.2138671875,10300.963286746477,9949.019659191674,10677.751777769981
2025-02-24,8240.9619140625,10279.019694156717,9907.414471969785,10649.464835566181
2025-02-25,8148.6259765625,10273.737177795436,9921.960337511928,10637.626851152476
2025-02-26,8102.45751953125,10265.832473883798,9926.412744740694,10630.58660718916
2025-02-27,7871.6181640625,10263.223132340274,9920.652844217011,10617.77270541601
2025-02-28,7779.283203125,10252.923131372167,9911.111988043278,10600.880241083114
2025-03-03,8125.5419921875,10219.769033725104,9865.578530880719,10569.678858484978
2025-03-04,8171.71044921875,10212.507091480544,9856.89753571658,10550.416167863661
2025-03-05,8310.2138671875,10203.541561761187,9848.780799297429,10576.95034375648
2025-03-06,8287.12890625,10200.784821870657,9829.408771160093,10567.57432277549
2025-03-07,8240.9619140625,10191.226625933044,9814.024758951473,10558.90667364605
2025-03-10,8240.9619140625,10165.127294437822,9802.441336682241,10548.779698124272
2025-03-11,8240.9619140625,10161.581644200547,9809.01101522185,10510.656180610513
2025-03-12,8425.6328125,10156.861427413169,9780.005794251543,10554.543775994169
2025-03-13,8287.12890625,10158.773829615973,9787.726193235732,10564.87561068433
2025-03-14,8079.3740234375,10154.198513782503,9767.052623586153,10518.865179033835
2025-03-17,7940.8701171875,10143.817025620698,9793.533590397796,10523.99506290987
2025-03-18,7663.86279296875,10145.411811834532,9777.566607756862,10540.8189358197
2025-03-19,7686.94677734375,10145.622166403407,9815.962680077351,10516.930670251893
2025-03-20,7733.115234375,10152.174193659788,9765.722299134713,10533.09569140689
2025-03-21,7518.966796875,10151.879241357741,9772.032998592891,10551.176462749201
2025-03-24,7566.5556640625,10151.717173351031,9765.78136628653,10546.563351401546
2025-03-25,7661.732421875,10155.765834958753,9765.154371415989,10550.531053233519
2025-03-26,8113.82177734375,10157.95272233699,9773.59714414608,10568.23209446665
2025-03-27,8090.02734375,10166.025004735618,9757.049649022867,10591.32692012865
2025-04-08,7399.99560546875,10187.335486314489,9767.128352516555,10586.356619973867
2025-04-09,7542.76123046875,10189.759016749025,9807.318927302918,10602.210762947383
2025-04-10,7828.29150390625,10198.203948088289,9785.261849229635,10589.186977208396
2025-04-11,7875.8798828125,10199.570136997887,9806.33137135605,10611.665347455533
2025-04-14,7994.85107421875,10203.75513531392,9788.829322903164,10613.490673515562
2025-04-15,8161.41064453125,10209.226374060803,9785.149440373252,10603.260290406464
2025-04-16,8066.2333984375,10212.87411377205,9792.206989942884,10648.89028824628
2025-04-17,8090.02734375,10222.44837519275,9801.015765380514,10638.070779075344
2025-04-21,7899.673828125,10230.149293725692,9845.874546613099,10696.222712181005
2025-04-22,8090.02734375,10235.23425301457,9780.51889283268,10664.769417659652
2025-04-23,8304.17578125,10238.017314536559,9798.78330695019,10673.911537070278
2025-04-24,8066.2333984375,10246.212700360617,9774.35409388542,10690.858750582143
2025-04-25,8185.20458984375,10246.627089994932,9852.079785900827,10662.56839667157
2025-04-28,8351.763671875,10243.055924122691,9824.43913482636,10691.806223719619
2025-04-29,8304.17578125,10244.184581999454,9805.197822454411,10730.080278976357
2025-04-30,8399.3525390625,10242.61142476113,9820.898611133065,10699.226332821949
2025-05-02,8542.1171875,10241.630914366257,9805.522199204375,10694.065947601037
2025-05-05,8542.1171875,10223.019980376172,9790.803755175297,10680.429958290959
2025-05-06,8589.7060546875,10219.433619839694,9778.79516001419,10640.32062898794
2025-05-07,8637.294921875,10213.50381900497,9766.488641133765,10671.388797655547
2025-05-08,8542.1171875,10213.145775202738,9760.34223447069,10688.063817652228
2025-05-09,8565.912109375,10205.375750180876,9747.088716510505,10713.711689670918
2025-05-14,8827.6484375,10173.226535277072,9740.17670135064,10633.697954699082
2025-05-15,8827.6484375,10174.966765830792,9723.431040392192,10637.300773501216
2025-05-16,8851.44140625,10170.31129611396,9735.188104684827,10621.29566552293
2025-05-19,9041.794921875,10161.58522206303,9713.565681775848,10653.29436048257
2025-05-20,9018.001953125,10164.77841488701,9690.523746114079,10646.263263166915
2025-05-21,9232.1494140625,10167.286581097873,9661.150611261686,10652.791844249607
2025-05-22,9184.5615234375,10176.9148629504,9690.547600809556,10660.58420657263
2025-05-23,9208.35546875,10180.531482486362,9724.729765310356,10669.304014118065
2025-05-26,9160.7666015625,10197.307444619273,9709.606888369688,10700.4527520898
2025-05-27,8994.2080078125,10208.666394374599,9725.60532723162,10686.283998398314
2025-05-28,8946.619140625,10218.893205367222,9737.204723930787,10712.706351085766
2025-06-02,8661.087890625,10275.77061037622,9755.007851829754,10770.217775617608
2025-06-03,8613.5009765625,10289.392381885858,9783.085215410236,10807.286283358137
2025-06-04,8542.1171875,10300.697250022089,9783.545385915671,10806.509871381711
2025-06-05,8494.529296875,10317.320647231792,9821.19417652251,10861.377767912429
2025-06-10,8661.087890625,10354.020471099917,9823.908628515746,10908.670375495527
2025-06-11,8613.5009765625,10359.267836467521,9835.969997200225,10915.464501945538
2025-06-12,8684.8828125,10369.265980519225,9856.10557464011,10925.553850469956
2025-06-13,8589.7060546875,10370.918931253042,9838.779592070807,10910.411214415684
2025-06-16,8494.529296875,10368.926185650604,9868.362222110283,10938.29766746325
2025-06-17,8637.294921875,10370.347309790006,9860.851713736303,10883.19904213488
2025-06-18,8470.734375,10369.20453481654,9878.46263299146,10932.565269009066
2025-06-19,8351.763671875,10373.440934125862,9874.722033942644,10948.028847269688
2025-06-20,8280.380859375,10370.099041753536,9817.628631314401,10964.30171911926
2025-06-23,8208.9990234375,10358.801690304983,9794.536477464977,10904.314083648076
2025-06-24,8351.763671875,10359.255142780588,9813.647514690194,10929.38300802426
2025-06-25,8185.20458984375,10358.26690558735,9810.39325452032,10925.668535080516
2025-06-26,8232.79296875,10363.772754840655,9807.310878253616,10921.993121520258
2025-06-30,8256.5869140625,10364.308553806515,9788.42906115355,10998.794482935864
2025-07-01,8280.380859375,10370.614834125963,9807.410804353322,10969.059268857784
2025-07-02,8256.5869140625,10376.050482105,9809.686899097025,10958.739981815057
2025-07-03,8185.20458984375,10388.400925934984,9846.774356594207,10997.631274152574
2025-07-04,8232.79296875,10394.516686709649,9848.207753847986,11034.0341294484
2025-07-07,8208.9990234375,10417.33214849577,9816.888543439181,11036.39947204202
2025-07-08,8090.02734375,10430.205504783173,9858.251238068247,11032.048083352509
2025-07-09,8090.02734375,10441.707832814247,9870.36395571101,11093.62686951533
2025-07-10,8185.20458984375,10459.504165330272,9851.178752961772,11081.04894635886
2025-07-11,8208.9990234375,10470.34290017581,9880.632590780122,11153.1226878269
2025-07-14,8113.82177734375,10502.287402047748,9908.03208808856,11130.031630086134
2025-07-15,8137.6162109375,10516.405359048418,9919.431027478902,11154.89354715222
2025-07-16,8113.82177734375,10528.253468106734,9915.721461612271,11155.06648010382
2025-07-17,8113.82177734375,10545.532044206784,9927.164111638864,11226.177209408193
2025-07-18,8018.6455078125,10555.046503323185,9901.495626144417,11182.174345746205
2025-07-21,8042.43994140625,10579.031329404164,9970.454069403504,11224.315871245879
2025-07-22,7994.85107421875,10589.526266487477,9950.570531886402,11264.830371457154
2025-07-23,8018.6455078125,10597.472400713958,9993.738503278775,11293.898122155859
2025-07-24,8090.02734375,10610.702040357406,10010.143570217817,11288.810346996866
2025-07-25,8042.43994140625,10616.153057300236,9984.424287173457,11262.570077769382
2025-07-28,8090.02734375,10629.11586981814,9998.942851272135,11347.26482329346
2025-07-29,7994.85107421875,10636.697968693084,9946.713828399488,11326.779553491982
2025-07-30,7971.05712890625,10642.26392281765,10013.559421090336,11368.40205678211
2025-07-31,7875.8798828125,10653.71186835211,10026.102421283278,11369.239631593007
2025-08-01,7899.673828125,10658.026024080666,10000.943705971617,11402.905262169435
2025-08-04,7875.8798828125,10671.599511072762,10001.351746789394,11340.519157854444
2025-08-05,8018.6455078125,10680.67163964992,9950.064010861877,11417.41298610243
2025-08-06,7899.673828125,10688.293711475024,9964.346218681954,11416.694603363152
2025-08-07,7899.673828125,10702.290288754373,9989.902505287568,11479.355275724298
2025-08-08,7899.673828125,10709.556615997464,10078.006018621181,11474.36515687524
2025-08-11,8137.6162109375,10733.342758809991,10024.119633081931,11510.395495542154
2025-08-12,8423.1474609375,10745.878811238783,9981.703811700123,11527.936175427169
2025-08-13,8494.529296875,10756.79119460984,10036.54991445165,11558.025059397813
2025-08-14,8351.763671875,10773.784986790493,10113.602074574103,11505.281083630587
2025-08-15,8280.380859375,10783.642214066509,10101.23279742605,11580.777930609971
2025-08-19,8090.02734375,10824.380407497352,10077.137545690466,11605.188585793047
2025-08-20,8113.82177734375,10834.567011866216,10070.944287457893,11598.464842237066
2025-08-21,8137.6162109375,10850.027115060862,10125.624218119661,11657.66510369602
2025-08-22,8042.43994140625,10857.53828144983,10126.283725428348,11658.870205113186
2025-08-25,8066.2333984375,10874.016890362902,10124.403548215036,11725.188168557972
2025-08-26,7852.08544921875,10881.354169298904,10141.688372209335,11686.030320525791
2025-08-27,7899.673828125,10885.727829968971,10150.012573496777,11736.646389588668
2025-08-28,7923.46826171875,10894.916321935118,10140.83781714648,11717.14290129619
2025-08-29,7685.5263671875,10895.805074826847,10117.93587505772,11742.001796209055
2025-09-01,7614.1435546875,10891.489435486867,10113.504870909464,11764.643359787608
2025-09-02,7614.1435546875,10891.991859050857,10115.74025652243,11731.715533962777
2025-09-03,7590.349609375,10889.778124505732,10065.196752171012,11761.697837192454
2025-09-04,7614.1435546875,10892.73822524793,10079.163204459552,11724.914304321028
2025-09-08,7328.61328125,10869.865581594167,10059.313968217231,11730.958707595257
2025-09-09,7162.05419921875,10867.228916184273,10038.710637571645,11734.668917990934
2025-09-10,7423.7900390625,10862.654373886315,10023.791400528387,11758.028249657496
2025-09-11,7471.37890625,10864.048303212116,10050.601654773312,11740.579814578405
2025-09-12,7542.76123046875,10858.398912528555,10029.616169693501,11790.072268801974
2025-09-15,7637.93798828125,10842.628878553618,9998.686132386387,11730.491728084067
2025-09-16,7542.76123046875,10842.101620316846,9995.22126390677,11756.97776417929
2025-09-17,7471.37890625,10840.218818069741,10005.320783413204,11791.754797256554
2025-09-18,7328.61328125,10844.812325882403,10010.890925515554,11753.801145804156
2025-09-19,7423.7900390625,10842.789708675038,9988.831371381128,11788.752444656595
2025-09-22,7352.40771484375,10839.609984413542,9949.45750628211,11751.23405282144
2025-09-23,7495.1728515625,10843.564429057295,9941.082295142676,11809.06459918034
2025-09-24,7399.99560546875,10846.169926175526,9925.47617736344,11854.404415940897
2025-09-25,7328.61328125,10855.184548060395,9986.545311281196,11824.681218634632
2025-09-26,7257.23095703125,10857.449329629831,9960.225481399262,11824.634444462872
2025-09-29,7399.99560546875,10865.795115573943,9921.807204655137,11844.544692761514
2025-09-30,7257.23095703125,10873.015991510167,9956.349635790128,11870.172655112981
2025-10-01,7138.259765625,10878.5603786814,9944.908471873208,11899.361933957302
2025-10-02,7138.259765625,10890.177251191595,9973.79077256726,11866.836217042894
2025-10-03,7162.05419921875,10894.707753628254,9978.531486942678,11971.558832646191
2025-10-06,7138.259765625,10907.952949622906,9988.171524539126,11940.781978051606
2025-10-07,7209.64208984375,10916.247456174931,9957.609763383696,11951.044875685173
2025-10-08,7019.28857421875,10922.634263650049,10029.728727881286,11944.879992055847
2025-10-09,7185.8486328125,10934.89592309732,9990.826663619246,12008.984110345615
2025-10-10,7043.0830078125,10939.908277743834,9921.394341495086,11955.300376491754
2025-10-13,6971.70068359375,10953.959527244007,9928.589674197961,12016.71396230599
2025-10-14,6900.31787109375,10962.411761481651,9985.544959155404,11978.76370083592
2025-10-15,6900.31787109375,10968.943596626417,9994.253359942068,12064.518322678123
2025-10-16,6947.90625,10981.35688768439,9965.911066907756,12072.696092080301
2025-10-17,7138.259765625,10986.541978652576,9987.387401311278,12073.955337604106
2025-10-20,7495.1728515625,11001.309286227523,9985.613597111895,12143.351059472452
2025-10-21,8066.2333984375,11010.066393480422,9970.407104417216,12133.425305351488
2025-10-22,7804.4970703125,11016.925849702417,10060.93413129378,12193.702479725724
2025-10-23,7923.46826171875,11029.678163560891,9985.712554730517,12156.539590724853
2025-10-24,7875.8798828125,11035.19984849321,10007.032159138867,12165.353263139037
2025-10-27,7947.2626953125,11050.802743414672,10031.652117524623,12111.8299303517
2025-10-28,7875.8798828125,11059.72536656031,10083.96686747105,12219.923843833816
2025-10-29,8185.20458984375,11066.668023819637,10001.18725281648,12211.645709899563
2025-10-30,8113.82177734375,11079.408082089161,10012.158689619382,12231.823736700951
2025-10-31,8113.82177734375,11084.811201535469,10028.304897039137,12284.268172679473
2025-11-03,8232.79296875,11099.353252545983,10024.916648912003,12256.196818665181
2025-11-04,8232.79296875,11107.679667828785,10034.891385994477,12226.969970768241
2025-11-05,8280.380859375,11113.908476629062,10043.364577790395,12299.27263372651
2025-11-06,8137.6162109375,11125.823360198485,9991.983443853635,12389.04059541266
2025-11-07,8256.5869140625,11130.298626161008,10006.381352911167,12330.902107621703
2025-11-10,8161.41064453125,11141.553682570122,10043.473329292472,12286.192356858961
2025-11-11,7994.85107421875,11148.659551580356,10083.968019122034,12347.613838461155
2025-11-12,8090.02734375,11153.627801256267,10050.139796309943,12408.246614069896
2025-11-13,7971.05712890625,11164.255155294753,10066.303129765338,12400.20655609562
2025-11-14,8018.6455078125,11167.428107498768,10003.688244751133,12474.733765421997
2025-11-17,8161.41064453125,11174.790331365099,9993.349224901005,12448.065954737365
2025-11-18,7994.85107421875,11180.629999319563,10021.368269421177,12497.820002298435
2025-11-19,8066.2333984375,11184.357182518866,10007.001930526741,12449.470821279865
2025-11-20,8018.6455078125,11193.772106675273,9985.85101210109,12487.61877128511
2025-11-21,7994.85107421875,11195.763640447092,10031.715071856985,12511.63928574568
2025-11-24,8066.2333984375,11199.781892376794,10017.580021095708,12447.336992604825
2025-11-25,8090.02734375,11204.578164828721,9995.981224655861,12528.08921579697
2025-11-26,8018.6455078125,11207.301301771946,10005.33801793331,12498.176324925482
2025-11-27,7923.46826171875,11215.75558034495,9982.016092327025,12501.566891639788
2025-11-28,7875.8798828125,11216.83569571573,9943.465655432128,12507.886553701703
2025-12-01,7994.85107421875,11218.505915611888,10020.717596442797,12542.548146381821
2025-12-02,7971.05712890625,11222.69045507854,10033.563594799902,12526.615883220684
2025-12-03,7951.8955078125,11224.914361416813,9994.734123799917,12569.05599118629
2025-12-04,7880.04150390625,11233.001303096153,9941.485304585723,12578.720538899126
2025-12-05,7951.8955078125,11233.866974921135,10022.301360931553,12624.254953592437
2025-12-08,7951.8955078125,11236.033296792344,9946.386808265643,12574.199146667539
2025-12-09,7760.28369140625,11240.836051398304,10030.617603984221,12584.551584557394
2025-12-10,7736.33251953125,11243.937737966473,9992.657658157139,12722.259695128747
2025-12-11,7664.47802734375,11253.178017889846,9942.274570636524,12641.787290844926
2025-12-12,7664.47802734375,11255.484721155597,9969.372663921424,12697.29503994731
2025-12-15,7951.8955078125,11263.746239489814,10003.917356219636,12719.608237913917
2025-12-16,7736.33251953125,11271.156613241747,9973.939988548827,12727.996930422816
2025-12-17,7688.42919921875,11277.129509150634,9962.554134624073,12728.71857143169
2025-12-18,7832.13818359375,11289.47914582359,9968.504203964661,12794.459171930459
2025-12-19,7712.380859375,11295.100612180848,9971.493654604403,12709.738813861171
2025-12-22,7832.13818359375,11314.108407921214,9999.717369946524,12831.954405193994
2025-12-23,7688.42919921875,11325.194610894669,9981.903608400915,12824.400331128885
2025-12-24,7688.42919921875,11334.791481738725,10019.898968347468,12819.739709339201
2025-12-29,7688.42919921875,11386.864071061425,10025.700470305925,12812.58314660571
2025-12-30,7736.33251953125,11399.932670283404,10077.716829418381,12928.98034950626
2026-01-02,7688.42919921875,11437.321233781131,10019.754187521072,12941.364642836503
2026-01-05,7736.33251953125,11462.637536406883,10022.237664005916,12953.98129546996
2026-01-06,7832.13818359375,11473.956821502361,10144.899681532022,13082.354163182286
2026-01-07,7808.18701171875,11482.807872916603,10117.512844085157,13004.525501451808
2026-01-08,7712.380859375,11496.944500966016,10141.117309353845,13020.633977686142
2026-01-09,7784.2353515625,11503.221252699022,10129.24692648794,13070.406891724078
2026-01-12,7688.42919921875,11517.328567954892,10123.845532498171,13107.527734942412
2026-01-13,7736.33251953125,11524.582671612718,10087.363611262386,13056.063510193331
2026-01-14,7664.47802734375,11529.351292874793,10056.587106549205,13105.545194273016
2026-01-15,7736.33251953125,11539.479958761569,10071.177323211534,13119.039858766222
2026-01-19,7784.2353515625,11546.329931395276,10053.143597306727,13129.511800045186
2026-01-20,7664.47802734375,11551.210656472378,10089.27744325964,13132.147100778648
2026-01-21,7377.06005859375,11554.131190554097,10095.021427216061,13153.534223881612
2026-01-22,7329.15673828125,11562.975943310057,10030.873430735715,13159.998829049317
2026-01-23,7329.15673828125,11564.714398653417,10121.041909699657,13230.47986066535
2026-01-26,7329.15673828125,11570.576410189691,10063.00083022816,13131.89302433765
2026-01-27,7185.44775390625,11577.036434982572,10104.302228912044,13203.856679719675
2026-01-28,6730.36962890625,11582.005026109662,10095.73244994314,13239.269379640667
2026-01-29,6898.0302734375,11593.296638353135,10092.866304606445,13254.890189205194
2026-01-30,7089.64208984375,11597.798064595363,10107.623197804865,13245.327467684288
2026-02-02,7281.25390625,11612.869524493666,10067.260722594272,13253.093328364386
2026-02-03,7329.15673828125,11622.347715342508,10084.616857101742,13311.045804277763
2026-02-04,7472.86572265625,11630.122142218834,10081.706339773069,13276.919397695152
2026-02-05,7472.86572265625,11643.896935755169,10071.65092845719,13415.556700490033
2026-02-06,7353.1083984375,11650.453634327709,10038.043905343602,13389.329097082074
2026-02-09,7185.44775390625,11668.20423554068,10120.622909600732,13431.111615192374
2026-02-10,7161.49658203125,11677.168509892072,10085.033111250623,13393.183778971243
2026-02-11,7137.544921875,11683.641284839961,10114.905395512733,13355.552077031962
2026-02-12,7017.78759765625,11695.302368225208,10067.511589503833,13371.446506442982
2026-02-13,6898.0302734375,11698.92791723672,10142.844240390683,13464.90168669776
2026-02-18,6969.884765625,11706.348058052816,10121.942864121971,13451.469864855977
2026-02-19,6874.07861328125,11711.11311663676,10100.385859002927,13462.492852908315
2026-02-20,6921.9814453125,11707.49273809299,10116.244947984731,13468.44794787264
2026-02-23,6993.8359375,11689.19111374553,10001.819882940063,13468.119019920296
2026-02-24,6921.9814453125,11684.906597305728,10006.218649665194,13510.636677459284
2026-02-25,7017.78759765625,11677.86225090638,10034.641101779065,13492.251171520411
2026-02-26,6993.8359375,11675.962120462053,10072.476066897372,13445.317807539957
2026-02-27,6874.07861328125,11666.209987959775,9981.88879953948,13476.009255286055
2026-03-02,6730.36962890625,11633.682881126002,9969.760544613177,13512.201990805639
2026-03-03,6778.2724609375,11626.2930777777,9953.450074405646,13456.230228949757
2026-03-04,6586.66064453125,11617.041126923346,9968.081263960019,13528.126037137585
2026-03-05,6802.22412109375,11613.850248355346,9928.318051768016,13454.795512179679
2026-03-06,6706.41796875,11603.723899253962,9878.35509529259,13411.65392168524
2026-03-09,6586.66064453125,11575.28721997039,9926.077252244002,13375.660284933365
2026-03-10,6682.466796875,11570.816554463716,9785.917771234894,13412.44860508736
2026-03-11,6538.7578125,11565.133050614877,9795.767309638593,13453.187706575667
2026-03-12,6610.6123046875,11566.064836760841,9848.789842064763,13460.919717441911
2026-03-13,6586.66064453125,11560.511851676958,9767.365238419923,13527.716594191372
2026-03-16,6466.9033203125,11547.397433118393,9706.271582063519,13427.191286908941
2026-03-17,6490.8544921875,11548.198962782022,9789.995369912478,13487.022201461341
2026-03-25,6610.6123046875,11557.480186170105,9786.974675136558,13542.208450409036
2026-03-26,6586.66064453125,11565.497499687515,9813.708961078068,13554.01289205727
2026-03-27,6419.0,11566.29542966748,9711.824483056806,13561.502748511446
2026-03-30,6450.0,11567.543670844314,9850.955441511987,13513.086539092006
2026-03-31,6450.0,11571.597864322277,9832.590247858623,13523.299131188352
2026-04-01,6500.0,11573.648405768272,9741.793862620407,13519.436737716103
2026-04-02,6575.0,11581.499101071831,9793.70012830501,13560.336455746177
2026-04-06,6500.0,11582.69504642889,9714.793878873685,13567.69574572073
2026-04-07,6500.0,11586.765583488834,9746.341856033785,13626.49799171633
2026-04-08,6750.0,11589.003933437394,9717.688873837713,13601.012516551054
2026-04-09,6475.0,11597.23439506117,9731.749568765666,13537.809829366906
2026-04-10,6700.0,11598.365170425133,9733.668171952615,13574.157848844481
2026-04-13,6575.0,11601.828083491393,9733.110066372074,13737.925532514384
2026-04-14,6750.0,11607.096044059095,9749.716037083583,13612.171410480772
2026-04-15,6550.0,11610.582031109872,9752.036667224225,13746.78981278735
2026-04-16,6525.0,11620.049600325781,9773.882002291215,13629.72951531602
2026-04-17,6425.0,11622.340028448089,9713.511102297924,13661.126140887927
2026-04-20,6475.0,11628.106177265949,9671.706641234976,13708.657692789277
2026-04-21,6500.0,11633.517393502183,9701.70087646613,13729.51388207321
2026-04-22,6450.0,11636.72965113202,9701.415727088446,13756.149267665309
2026-04-23,6425.0,11645.45600284961,9724.725121017176,13772.80937416353
2026-04-24,6050.0,11646.498728568826,9696.324308441386,13745.225148326224
2026-04-27,5975.0,11645.304326434349,9655.683905142794,13803.645745866968
2026-04-28,6000.0,11647.343090633995,9689.614069902054,13755.281923382445
2026-04-29,5975.0,11646.709213110107,9726.096437950055,13856.013776437321
2026-04-30,5850.0,11651.172713248661,9657.752817460261,13737.196694535667
2026-05-04,5900.0,11631.47360033524,9691.812003885845,13855.801626481893
2026-05-05,5950.0,11628.527086546625,9607.03368435449,13768.828629892352
2026-05-06,5950.0,11623.10833230897,9619.433225533157,13911.83651004603
2026-05-07,6225.0,11623.113812956082,9598.589010848553,13774.561887038748
2026-05-08,6175.0,11615.54385103416,9610.84511652855,13807.985344420315
2026-05-11,6150.0,11591.257446854108,9552.821560831671,13799.462233055561
2026-05-12,6125.0,11587.214346484647,9562.468473044335,13818.292832739848
2026-05-13,6100.0,11581.637245779973,9501.56798842736,13854.156435725943
2026-05-14,6100.0,11705.648109062222,9654.900169610897,13983.52036268955
2026-05-15,6100.0,11576.744540028007,9447.032996195363,13816.182632661226
2026-05-18,6125.0,11563.99998627336,9468.421712609821,13793.945006410137
2026-05-19,5950.0,11565.66570313739,9477.358384543953,13885.43671306955
2026-05-20,5975.0,11566.599326244272,9423.165177875399,13831.727996334965
2026-05-21,5950.0,11574.636960147407,9477.542567076724,13881.554157077988
2026-05-22,5900.0,11576.678667080327,9387.979118694106,13888.108580159862
